variant,process_sequence,run,workload,threads,synchronization,sample,iterations_per_thread,operations,elapsed_ms,operations_per_second
baseline,1,measured-control-a,allocate_release,1,external,0,1000000,2000000,22.3809,8.93619e+07
baseline,1,measured-control-a,allocate_release,1,direct,0,1000000,2000000,14.9555,1.3373e+08
baseline,1,measured-control-a,allocate_release,1,external,1,1000000,2000000,21.0565,9.49825e+07
baseline,1,measured-control-a,allocate_release,1,direct,1,1000000,2000000,14.3553,1.39321e+08
baseline,1,measured-control-a,allocate_release,1,external,2,1000000,2000000,21.2577,9.40836e+07
baseline,1,measured-control-a,allocate_release,1,direct,2,1000000,2000000,14.9309,1.3395e+08
baseline,1,measured-control-a,allocate_release,1,external,3,1000000,2000000,26.3483,7.59062e+07
baseline,1,measured-control-a,allocate_release,1,direct,3,1000000,2000000,14.9405,1.33864e+08
baseline,1,measured-control-a,allocate_release,1,external,4,1000000,2000000,21.6506,9.23762e+07
baseline,1,measured-control-a,allocate_release,1,direct,4,1000000,2000000,14.3812,1.3907e+08
baseline,1,measured-control-a,allocate_release,1,external,5,1000000,2000000,21.4503,9.32388e+07
baseline,1,measured-control-a,allocate_release,1,direct,5,1000000,2000000,14.4074,1.38818e+08
baseline,1,measured-control-a,allocate_release,1,external,6,1000000,2000000,21.5388,9.28557e+07
baseline,1,measured-control-a,allocate_release,1,direct,6,1000000,2000000,14.1593,1.4125e+08
baseline,1,measured-control-a,allocate_release,2,external,0,1000000,4000000,45.0701,8.87506e+07
baseline,1,measured-control-a,allocate_release,2,external,1,1000000,4000000,49.2615,8.11993e+07
baseline,1,measured-control-a,allocate_release,2,external,2,1000000,4000000,47.8829,8.35371e+07
baseline,1,measured-control-a,allocate_release,2,external,3,1000000,4000000,48.1891,8.30063e+07
baseline,1,measured-control-a,allocate_release,2,external,4,1000000,4000000,46.9011,8.52858e+07
baseline,1,measured-control-a,allocate_release,2,external,5,1000000,4000000,46.4537,8.61072e+07
baseline,1,measured-control-a,allocate_release,2,external,6,1000000,4000000,46.3185,8.63586e+07
baseline,1,measured-control-a,allocate_release,4,external,0,1000000,8000000,120.622,6.63228e+07
baseline,1,measured-control-a,allocate_release,4,external,1,1000000,8000000,116.809,6.84876e+07
baseline,1,measured-control-a,allocate_release,4,external,2,1000000,8000000,122.751,6.51727e+07
baseline,1,measured-control-a,allocate_release,4,external,3,1000000,8000000,125.538,6.37259e+07
baseline,1,measured-control-a,allocate_release,4,external,4,1000000,8000000,123.305,6.48799e+07
baseline,1,measured-control-a,allocate_release,4,external,5,1000000,8000000,119.497,6.69475e+07
baseline,1,measured-control-a,allocate_release,4,external,6,1000000,8000000,129.803,6.16319e+07
baseline,1,measured-control-a,allocate_release,8,external,0,1000000,16000000,474.638,3.37099e+07
baseline,1,measured-control-a,allocate_release,8,external,1,1000000,16000000,473.883,3.37636e+07
baseline,1,measured-control-a,allocate_release,8,external,2,1000000,16000000,471.983,3.38996e+07
baseline,1,measured-control-a,allocate_release,8,external,3,1000000,16000000,465.707,3.43564e+07
baseline,1,measured-control-a,allocate_release,8,external,4,1000000,16000000,446.059,3.58697e+07
baseline,1,measured-control-a,allocate_release,8,external,5,1000000,16000000,468.153,3.41769e+07
baseline,1,measured-control-a,allocate_release,8,external,6,1000000,16000000,459.136,3.4848e+07
baseline,1,measured-control-a,buffer_write,1,external,0,1000000,1000000,24.4274,4.09376e+07
baseline,1,measured-control-a,buffer_write,1,direct,0,1000000,1000000,18.8554,5.30352e+07
baseline,1,measured-control-a,buffer_write,1,external,1,1000000,1000000,24.1074,4.1481e+07
baseline,1,measured-control-a,buffer_write,1,direct,1,1000000,1000000,19.6434,5.09077e+07
baseline,1,measured-control-a,buffer_write,1,external,2,1000000,1000000,26.5958,3.75999e+07
baseline,1,measured-control-a,buffer_write,1,direct,2,1000000,1000000,18.7478,5.33396e+07
baseline,1,measured-control-a,buffer_write,1,external,3,1000000,1000000,24.5335,4.07606e+07
baseline,1,measured-control-a,buffer_write,1,direct,3,1000000,1000000,18.1766,5.50158e+07
baseline,1,measured-control-a,buffer_write,1,external,4,1000000,1000000,25.097,3.98454e+07
baseline,1,measured-control-a,buffer_write,1,direct,4,1000000,1000000,20.6022,4.85385e+07
baseline,1,measured-control-a,buffer_write,1,external,5,1000000,1000000,28.6687,3.48812e+07
baseline,1,measured-control-a,buffer_write,1,direct,5,1000000,1000000,23.2239,4.30591e+07
baseline,1,measured-control-a,buffer_write,1,external,6,1000000,1000000,24.5068,4.0805e+07
baseline,1,measured-control-a,buffer_write,1,direct,6,1000000,1000000,19.0339,5.25378e+07
baseline,1,measured-control-a,buffer_write,2,external,0,1000000,2000000,59.5372,3.35924e+07
baseline,1,measured-control-a,buffer_write,2,external,1,1000000,2000000,62.214,3.21471e+07
baseline,1,measured-control-a,buffer_write,2,external,2,1000000,2000000,56.4583,3.54244e+07
baseline,1,measured-control-a,buffer_write,2,external,3,1000000,2000000,56.9114,3.51423e+07
baseline,1,measured-control-a,buffer_write,2,external,4,1000000,2000000,60.3415,3.31447e+07
baseline,1,measured-control-a,buffer_write,2,external,5,1000000,2000000,61.81,3.23572e+07
baseline,1,measured-control-a,buffer_write,2,external,6,1000000,2000000,56.8814,3.51609e+07
baseline,1,measured-control-a,buffer_write,4,external,0,1000000,4000000,131.644,3.0385e+07
baseline,1,measured-control-a,buffer_write,4,external,1,1000000,4000000,125.4,3.18979e+07
baseline,1,measured-control-a,buffer_write,4,external,2,1000000,4000000,125.855,3.17827e+07
baseline,1,measured-control-a,buffer_write,4,external,3,1000000,4000000,134.667,2.97028e+07
baseline,1,measured-control-a,buffer_write,4,external,4,1000000,4000000,117.92,3.39214e+07
baseline,1,measured-control-a,buffer_write,4,external,5,1000000,4000000,121.143,3.30189e+07
baseline,1,measured-control-a,buffer_write,4,external,6,1000000,4000000,131.01,3.0532e+07
baseline,1,measured-control-a,buffer_write,8,external,0,1000000,8000000,445.834,1.79439e+07
baseline,1,measured-control-a,buffer_write,8,external,1,1000000,8000000,418.263,1.91267e+07
baseline,1,measured-control-a,buffer_write,8,external,2,1000000,8000000,460.471,1.73735e+07
baseline,1,measured-control-a,buffer_write,8,external,3,1000000,8000000,437.957,1.82666e+07
baseline,1,measured-control-a,buffer_write,8,external,4,1000000,8000000,445.132,1.79722e+07
baseline,1,measured-control-a,buffer_write,8,external,5,1000000,8000000,448.5,1.78372e+07
baseline,1,measured-control-a,buffer_write,8,external,6,1000000,8000000,461.925,1.73188e+07
baseline,1,measured-control-a,sampler_write,1,external,0,200000,200000,24.1322,8.28768e+06
baseline,1,measured-control-a,sampler_write,1,direct,0,200000,200000,29.7685,6.71851e+06
baseline,1,measured-control-a,sampler_write,1,external,1,200000,200000,23.9815,8.33976e+06
baseline,1,measured-control-a,sampler_write,1,direct,1,200000,200000,23.4244,8.53811e+06
baseline,1,measured-control-a,sampler_write,1,external,2,200000,200000,29.0066,6.89498e+06
baseline,1,measured-control-a,sampler_write,1,direct,2,200000,200000,23.6171,8.46844e+06
baseline,1,measured-control-a,sampler_write,1,external,3,200000,200000,25.3233,7.89786e+06
baseline,1,measured-control-a,sampler_write,1,direct,3,200000,200000,23.5575,8.48987e+06
baseline,1,measured-control-a,sampler_write,1,external,4,200000,200000,24.8616,8.04453e+06
baseline,1,measured-control-a,sampler_write,1,direct,4,200000,200000,25.7284,7.77351e+06
baseline,1,measured-control-a,sampler_write,1,external,5,200000,200000,26.5748,7.52593e+06
baseline,1,measured-control-a,sampler_write,1,direct,5,200000,200000,31.0151,6.44847e+06
baseline,1,measured-control-a,sampler_write,1,external,6,200000,200000,29.3182,6.8217e+06
baseline,1,measured-control-a,sampler_write,1,direct,6,200000,200000,25.1357,7.95681e+06
baseline,1,measured-control-a,sampler_write,2,external,0,200000,400000,66.1945,6.0428e+06
baseline,1,measured-control-a,sampler_write,2,external,1,200000,400000,148.37,2.69596e+06
baseline,1,measured-control-a,sampler_write,2,external,2,200000,400000,60.2751,6.63624e+06
baseline,1,measured-control-a,sampler_write,2,external,3,200000,400000,52.9078,7.56032e+06
baseline,1,measured-control-a,sampler_write,2,external,4,200000,400000,55.6921,7.18235e+06
baseline,1,measured-control-a,sampler_write,2,external,5,200000,400000,53.4983,7.47687e+06
baseline,1,measured-control-a,sampler_write,2,external,6,200000,400000,58.386,6.85096e+06
baseline,1,measured-control-a,sampler_write,4,external,0,200000,800000,136.262,5.87103e+06
baseline,1,measured-control-a,sampler_write,4,external,1,200000,800000,130.827,6.11493e+06
baseline,1,measured-control-a,sampler_write,4,external,2,200000,800000,134.147,5.96363e+06
baseline,1,measured-control-a,sampler_write,4,external,3,200000,800000,132.028,6.05934e+06
baseline,1,measured-control-a,sampler_write,4,external,4,200000,800000,140.559,5.69156e+06
baseline,1,measured-control-a,sampler_write,4,external,5,200000,800000,137.595,5.81419e+06
baseline,1,measured-control-a,sampler_write,4,external,6,200000,800000,148.822,5.37556e+06
baseline,1,measured-control-a,sampler_write,8,external,0,200000,1600000,399.221,4.0078e+06
baseline,1,measured-control-a,sampler_write,8,external,1,200000,1600000,329.551,4.85509e+06
baseline,1,measured-control-a,sampler_write,8,external,2,200000,1600000,315.59,5.06987e+06
baseline,1,measured-control-a,sampler_write,8,external,3,200000,1600000,324.354,4.93289e+06
baseline,1,measured-control-a,sampler_write,8,external,4,200000,1600000,320.796,4.98759e+06
baseline,1,measured-control-a,sampler_write,8,external,5,200000,1600000,319.916,5.00132e+06
baseline,1,measured-control-a,sampler_write,8,external,6,200000,1600000,314.365,5.08962e+06
baseline,1,measured-control-a,mixed_write,1,external,0,300000,300000,7.2513,4.13719e+07
baseline,1,measured-control-a,mixed_write,1,direct,0,300000,300000,5.232,5.73394e+07
baseline,1,measured-control-a,mixed_write,1,external,1,300000,300000,7.6402,3.9266e+07
baseline,1,measured-control-a,mixed_write,1,direct,1,300000,300000,5.2764,5.68569e+07
baseline,1,measured-control-a,mixed_write,1,external,2,300000,300000,7.1621,4.18872e+07
baseline,1,measured-control-a,mixed_write,1,direct,2,300000,300000,5.8862,5.09667e+07
baseline,1,measured-control-a,mixed_write,1,external,3,300000,300000,7.3716,4.06967e+07
baseline,1,measured-control-a,mixed_write,1,direct,3,300000,300000,5.5226,5.43222e+07
baseline,1,measured-control-a,mixed_write,1,external,4,300000,300000,7.1923,4.17113e+07
baseline,1,measured-control-a,mixed_write,1,direct,4,300000,300000,5.6163,5.3416e+07
baseline,1,measured-control-a,mixed_write,1,external,5,300000,300000,7.3837,4.063e+07
baseline,1,measured-control-a,mixed_write,1,direct,5,300000,300000,7.0601,4.24923e+07
baseline,1,measured-control-a,mixed_write,1,external,6,300000,300000,12.8357,2.33723e+07
baseline,1,measured-control-a,mixed_write,1,direct,6,300000,300000,7.7593,3.86633e+07
baseline,1,measured-control-a,mixed_write,2,external,0,300000,600000,57.8355,1.03743e+07
baseline,1,measured-control-a,mixed_write,2,external,1,300000,600000,54.0414,1.11026e+07
baseline,1,measured-control-a,mixed_write,2,external,2,300000,600000,53.4285,1.123e+07
baseline,1,measured-control-a,mixed_write,2,external,3,300000,600000,50.8437,1.18009e+07
baseline,1,measured-control-a,mixed_write,2,external,4,300000,600000,55.5665,1.07979e+07
baseline,1,measured-control-a,mixed_write,2,external,5,300000,600000,49.8033,1.20474e+07
baseline,1,measured-control-a,mixed_write,2,external,6,300000,600000,59.8598,1.00234e+07
baseline,1,measured-control-a,mixed_write,4,external,0,300000,1200000,118.928,1.00902e+07
baseline,1,measured-control-a,mixed_write,4,external,1,300000,1200000,114.81,1.0452e+07
baseline,1,measured-control-a,mixed_write,4,external,2,300000,1200000,116.7,1.02828e+07
baseline,1,measured-control-a,mixed_write,4,external,3,300000,1200000,119.695,1.00255e+07
baseline,1,measured-control-a,mixed_write,4,external,4,300000,1200000,111.605,1.07522e+07
baseline,1,measured-control-a,mixed_write,4,external,5,300000,1200000,121.077,9.91106e+06
baseline,1,measured-control-a,mixed_write,4,external,6,300000,1200000,113.707,1.05534e+07
baseline,1,measured-control-a,mixed_write,8,external,0,300000,2400000,297.749,8.06048e+06
baseline,1,measured-control-a,mixed_write,8,external,1,300000,2400000,271.46,8.84108e+06
baseline,1,measured-control-a,mixed_write,8,external,2,300000,2400000,282.713,8.48919e+06
baseline,1,measured-control-a,mixed_write,8,external,3,300000,2400000,279.753,8.57898e+06
baseline,1,measured-control-a,mixed_write,8,external,4,300000,2400000,265.071,9.05418e+06
baseline,1,measured-control-a,mixed_write,8,external,5,300000,2400000,271.393,8.84328e+06
baseline,1,measured-control-a,mixed_write,8,external,6,300000,2400000,281.088,8.53825e+06
thread_safe,2,measured-padded-a,allocate_release,1,external,0,1000000,2000000,37.0796,5.3938e+07
thread_safe,2,measured-padded-a,allocate_release,1,direct,0,1000000,2000000,27.6507,7.23309e+07
thread_safe,2,measured-padded-a,allocate_release,1,external,1,1000000,2000000,36.9286,5.41586e+07
thread_safe,2,measured-padded-a,allocate_release,1,direct,1,1000000,2000000,25.48,7.84929e+07
thread_safe,2,measured-padded-a,allocate_release,1,external,2,1000000,2000000,37.2186,5.37366e+07
thread_safe,2,measured-padded-a,allocate_release,1,direct,2,1000000,2000000,29.261,6.83504e+07
thread_safe,2,measured-padded-a,allocate_release,1,external,3,1000000,2000000,35.497,5.63428e+07
thread_safe,2,measured-padded-a,allocate_release,1,direct,3,1000000,2000000,25.5084,7.84055e+07
thread_safe,2,measured-padded-a,allocate_release,1,external,4,1000000,2000000,36.2598,5.51575e+07
thread_safe,2,measured-padded-a,allocate_release,1,direct,4,1000000,2000000,24.1522,8.28082e+07
thread_safe,2,measured-padded-a,allocate_release,1,external,5,1000000,2000000,36.3842,5.49689e+07
thread_safe,2,measured-padded-a,allocate_release,1,direct,5,1000000,2000000,26.9703,7.41556e+07
thread_safe,2,measured-padded-a,allocate_release,1,external,6,1000000,2000000,35.2353,5.67613e+07
thread_safe,2,measured-padded-a,allocate_release,1,direct,6,1000000,2000000,24.9923,8.00246e+07
thread_safe,2,measured-padded-a,allocate_release,2,external,0,1000000,4000000,79.3729,5.0395e+07
thread_safe,2,measured-padded-a,allocate_release,2,direct,0,1000000,4000000,27.1974,1.47073e+08
thread_safe,2,measured-padded-a,allocate_release,2,external,1,1000000,4000000,80.0226,4.99859e+07
thread_safe,2,measured-padded-a,allocate_release,2,direct,1,1000000,4000000,28.1029,1.42334e+08
thread_safe,2,measured-padded-a,allocate_release,2,external,2,1000000,4000000,81.1873,4.92688e+07
thread_safe,2,measured-padded-a,allocate_release,2,direct,2,1000000,4000000,26.7412,1.49582e+08
thread_safe,2,measured-padded-a,allocate_release,2,external,3,1000000,4000000,81.537,4.90575e+07
thread_safe,2,measured-padded-a,allocate_release,2,direct,3,1000000,4000000,30.2056,1.32426e+08
thread_safe,2,measured-padded-a,allocate_release,2,external,4,1000000,4000000,81.364,4.91618e+07
thread_safe,2,measured-padded-a,allocate_release,2,direct,4,1000000,4000000,27.5901,1.4498e+08
thread_safe,2,measured-padded-a,allocate_release,2,external,5,1000000,4000000,80.029,4.99819e+07
thread_safe,2,measured-padded-a,allocate_release,2,direct,5,1000000,4000000,27.0761,1.47732e+08
thread_safe,2,measured-padded-a,allocate_release,2,external,6,1000000,4000000,84.2139,4.74981e+07
thread_safe,2,measured-padded-a,allocate_release,2,direct,6,1000000,4000000,27.6334,1.44752e+08
thread_safe,2,measured-padded-a,allocate_release,4,external,0,1000000,8000000,204.663,3.90886e+07
thread_safe,2,measured-padded-a,allocate_release,4,direct,0,1000000,8000000,51.0258,1.56783e+08
thread_safe,2,measured-padded-a,allocate_release,4,external,1,1000000,8000000,197.239,4.056e+07
thread_safe,2,measured-padded-a,allocate_release,4,direct,1,1000000,8000000,51.7634,1.54549e+08
thread_safe,2,measured-padded-a,allocate_release,4,external,2,1000000,8000000,208.679,3.83364e+07
thread_safe,2,measured-padded-a,allocate_release,4,direct,2,1000000,8000000,60.013,1.33304e+08
thread_safe,2,measured-padded-a,allocate_release,4,external,3,1000000,8000000,195.812,4.08555e+07
thread_safe,2,measured-padded-a,allocate_release,4,direct,3,1000000,8000000,50.4016,1.58725e+08
thread_safe,2,measured-padded-a,allocate_release,4,external,4,1000000,8000000,189.423,4.22335e+07
thread_safe,2,measured-padded-a,allocate_release,4,direct,4,1000000,8000000,52.3315,1.52872e+08
thread_safe,2,measured-padded-a,allocate_release,4,external,5,1000000,8000000,212.043,3.77283e+07
thread_safe,2,measured-padded-a,allocate_release,4,direct,5,1000000,8000000,58.3753,1.37044e+08
thread_safe,2,measured-padded-a,allocate_release,4,external,6,1000000,8000000,214.835,3.72379e+07
thread_safe,2,measured-padded-a,allocate_release,4,direct,6,1000000,8000000,54.6385,1.46417e+08
thread_safe,2,measured-padded-a,allocate_release,8,external,0,1000000,16000000,758.563,2.10925e+07
thread_safe,2,measured-padded-a,allocate_release,8,direct,0,1000000,16000000,147.937,1.08154e+08
thread_safe,2,measured-padded-a,allocate_release,8,external,1,1000000,16000000,798.073,2.00483e+07
thread_safe,2,measured-padded-a,allocate_release,8,direct,1,1000000,16000000,146.526,1.09195e+08
thread_safe,2,measured-padded-a,allocate_release,8,external,2,1000000,16000000,803.056,1.99239e+07
thread_safe,2,measured-padded-a,allocate_release,8,direct,2,1000000,16000000,139.262,1.14891e+08
thread_safe,2,measured-padded-a,allocate_release,8,external,3,1000000,16000000,717.027,2.23144e+07
thread_safe,2,measured-padded-a,allocate_release,8,direct,3,1000000,16000000,135.417,1.18153e+08
thread_safe,2,measured-padded-a,allocate_release,8,external,4,1000000,16000000,694.957,2.3023e+07
thread_safe,2,measured-padded-a,allocate_release,8,direct,4,1000000,16000000,138.632,1.15413e+08
thread_safe,2,measured-padded-a,allocate_release,8,external,5,1000000,16000000,713.594,2.24217e+07
thread_safe,2,measured-padded-a,allocate_release,8,direct,5,1000000,16000000,146.145,1.0948e+08
thread_safe,2,measured-padded-a,allocate_release,8,external,6,1000000,16000000,775.028,2.06444e+07
thread_safe,2,measured-padded-a,allocate_release,8,direct,6,1000000,16000000,142.151,1.12556e+08
thread_safe,2,measured-padded-a,buffer_write,1,external,0,1000000,1000000,33.3755,2.99621e+07
thread_safe,2,measured-padded-a,buffer_write,1,direct,0,1000000,1000000,24.5221,4.07795e+07
thread_safe,2,measured-padded-a,buffer_write,1,external,1,1000000,1000000,36.6139,2.7312e+07
thread_safe,2,measured-padded-a,buffer_write,1,direct,1,1000000,1000000,25.186,3.97046e+07
thread_safe,2,measured-padded-a,buffer_write,1,external,2,1000000,1000000,32.0649,3.11867e+07
thread_safe,2,measured-padded-a,buffer_write,1,direct,2,1000000,1000000,24.4077,4.09707e+07
thread_safe,2,measured-padded-a,buffer_write,1,external,3,1000000,1000000,32.2191,3.10375e+07
thread_safe,2,measured-padded-a,buffer_write,1,direct,3,1000000,1000000,23.9145,4.18156e+07
thread_safe,2,measured-padded-a,buffer_write,1,external,4,1000000,1000000,33.942,2.9462e+07
thread_safe,2,measured-padded-a,buffer_write,1,direct,4,1000000,1000000,24.8677,4.02128e+07
thread_safe,2,measured-padded-a,buffer_write,1,external,5,1000000,1000000,30.9743,3.22848e+07
thread_safe,2,measured-padded-a,buffer_write,1,direct,5,1000000,1000000,23.9237,4.17996e+07
thread_safe,2,measured-padded-a,buffer_write,1,external,6,1000000,1000000,31.8584,3.13889e+07
thread_safe,2,measured-padded-a,buffer_write,1,direct,6,1000000,1000000,24.1242,4.14522e+07
thread_safe,2,measured-padded-a,buffer_write,2,external,0,1000000,2000000,79.2412,2.52394e+07
thread_safe,2,measured-padded-a,buffer_write,2,direct,0,1000000,2000000,64.4737,3.10204e+07
thread_safe,2,measured-padded-a,buffer_write,2,external,1,1000000,2000000,75.2428,2.65806e+07
thread_safe,2,measured-padded-a,buffer_write,2,direct,1,1000000,2000000,55.5323,3.60151e+07
thread_safe,2,measured-padded-a,buffer_write,2,external,2,1000000,2000000,83.9157,2.38334e+07
thread_safe,2,measured-padded-a,buffer_write,2,direct,2,1000000,2000000,55.0693,3.63179e+07
thread_safe,2,measured-padded-a,buffer_write,2,external,3,1000000,2000000,71.5836,2.79394e+07
thread_safe,2,measured-padded-a,buffer_write,2,direct,3,1000000,2000000,54.9176,3.64182e+07
thread_safe,2,measured-padded-a,buffer_write,2,external,4,1000000,2000000,91.0521,2.19654e+07
thread_safe,2,measured-padded-a,buffer_write,2,direct,4,1000000,2000000,56.8989,3.51501e+07
thread_safe,2,measured-padded-a,buffer_write,2,external,5,1000000,2000000,83.4568,2.39645e+07
thread_safe,2,measured-padded-a,buffer_write,2,direct,5,1000000,2000000,65.6481,3.04655e+07
thread_safe,2,measured-padded-a,buffer_write,2,external,6,1000000,2000000,96.7556,2.06706e+07
thread_safe,2,measured-padded-a,buffer_write,2,direct,6,1000000,2000000,61.8743,3.23236e+07
thread_safe,2,measured-padded-a,buffer_write,4,external,0,1000000,4000000,202.209,1.97816e+07
thread_safe,2,measured-padded-a,buffer_write,4,direct,0,1000000,4000000,139.029,2.8771e+07
thread_safe,2,measured-padded-a,buffer_write,4,external,1,1000000,4000000,194.792,2.05347e+07
thread_safe,2,measured-padded-a,buffer_write,4,direct,1,1000000,4000000,138.178,2.89482e+07
thread_safe,2,measured-padded-a,buffer_write,4,external,2,1000000,4000000,194.558,2.05594e+07
thread_safe,2,measured-padded-a,buffer_write,4,direct,2,1000000,4000000,138.873,2.88033e+07
thread_safe,2,measured-padded-a,buffer_write,4,external,3,1000000,4000000,202.025,1.97995e+07
thread_safe,2,measured-padded-a,buffer_write,4,direct,3,1000000,4000000,141.769,2.82149e+07
thread_safe,2,measured-padded-a,buffer_write,4,external,4,1000000,4000000,219.911,1.81892e+07
thread_safe,2,measured-padded-a,buffer_write,4,direct,4,1000000,4000000,155.58,2.57103e+07
thread_safe,2,measured-padded-a,buffer_write,4,external,5,1000000,4000000,199.725,2.00276e+07
thread_safe,2,measured-padded-a,buffer_write,4,direct,5,1000000,4000000,165.489,2.41708e+07
thread_safe,2,measured-padded-a,buffer_write,4,external,6,1000000,4000000,209.316,1.91099e+07
thread_safe,2,measured-padded-a,buffer_write,4,direct,6,1000000,4000000,158.961,2.51634e+07
thread_safe,2,measured-padded-a,buffer_write,8,external,0,1000000,8000000,589.306,1.35753e+07
thread_safe,2,measured-padded-a,buffer_write,8,direct,0,1000000,8000000,468.86,1.70627e+07
thread_safe,2,measured-padded-a,buffer_write,8,external,1,1000000,8000000,581.034,1.37686e+07
thread_safe,2,measured-padded-a,buffer_write,8,direct,1,1000000,8000000,485.019,1.64942e+07
thread_safe,2,measured-padded-a,buffer_write,8,external,2,1000000,8000000,574.751,1.39191e+07
thread_safe,2,measured-padded-a,buffer_write,8,direct,2,1000000,8000000,512.322,1.56152e+07
thread_safe,2,measured-padded-a,buffer_write,8,external,3,1000000,8000000,594.93,1.3447e+07
thread_safe,2,measured-padded-a,buffer_write,8,direct,3,1000000,8000000,516.522,1.54882e+07
thread_safe,2,measured-padded-a,buffer_write,8,external,4,1000000,8000000,595.185,1.34412e+07
thread_safe,2,measured-padded-a,buffer_write,8,direct,4,1000000,8000000,501.155,1.59631e+07
thread_safe,2,measured-padded-a,buffer_write,8,external,5,1000000,8000000,583.339,1.37142e+07
thread_safe,2,measured-padded-a,buffer_write,8,direct,5,1000000,8000000,477.854,1.67415e+07
thread_safe,2,measured-padded-a,buffer_write,8,external,6,1000000,8000000,576.089,1.38867e+07
thread_safe,2,measured-padded-a,buffer_write,8,direct,6,1000000,8000000,502.216,1.59294e+07
thread_safe,2,measured-padded-a,sampler_write,1,external,0,200000,200000,10.2039,1.96003e+07
thread_safe,2,measured-padded-a,sampler_write,1,direct,0,200000,200000,9.7158,2.0585e+07
thread_safe,2,measured-padded-a,sampler_write,1,external,1,200000,200000,12.2282,1.63556e+07
thread_safe,2,measured-padded-a,sampler_write,1,direct,1,200000,200000,12.5883,1.58878e+07
thread_safe,2,measured-padded-a,sampler_write,1,external,2,200000,200000,15.1172,1.323e+07
thread_safe,2,measured-padded-a,sampler_write,1,direct,2,200000,200000,9.0489,2.21021e+07
thread_safe,2,measured-padded-a,sampler_write,1,external,3,200000,200000,12.5941,1.58805e+07
thread_safe,2,measured-padded-a,sampler_write,1,direct,3,200000,200000,10.5823,1.88995e+07
thread_safe,2,measured-padded-a,sampler_write,1,external,4,200000,200000,10.6032,1.88622e+07
thread_safe,2,measured-padded-a,sampler_write,1,direct,4,200000,200000,10.5364,1.89818e+07
thread_safe,2,measured-padded-a,sampler_write,1,external,5,200000,200000,10.7407,1.86208e+07
thread_safe,2,measured-padded-a,sampler_write,1,direct,5,200000,200000,11.3401,1.76365e+07
thread_safe,2,measured-padded-a,sampler_write,1,external,6,200000,200000,14.6317,1.3669e+07
thread_safe,2,measured-padded-a,sampler_write,1,direct,6,200000,200000,10.8096,1.85021e+07
thread_safe,2,measured-padded-a,sampler_write,2,external,0,200000,400000,28.2847,1.41419e+07
thread_safe,2,measured-padded-a,sampler_write,2,direct,0,200000,400000,26.2158,1.5258e+07
thread_safe,2,measured-padded-a,sampler_write,2,external,1,200000,400000,29.9033,1.33765e+07
thread_safe,2,measured-padded-a,sampler_write,2,direct,1,200000,400000,29.1472,1.37234e+07
thread_safe,2,measured-padded-a,sampler_write,2,external,2,200000,400000,32.5056,1.23056e+07
thread_safe,2,measured-padded-a,sampler_write,2,direct,2,200000,400000,25.6581,1.55896e+07
thread_safe,2,measured-padded-a,sampler_write,2,external,3,200000,400000,26.3972,1.51531e+07
thread_safe,2,measured-padded-a,sampler_write,2,direct,3,200000,400000,25.448,1.57183e+07
thread_safe,2,measured-padded-a,sampler_write,2,external,4,200000,400000,26.2281,1.52508e+07
thread_safe,2,measured-padded-a,sampler_write,2,direct,4,200000,400000,23.888,1.67448e+07
thread_safe,2,measured-padded-a,sampler_write,2,external,5,200000,400000,21.8652,1.82939e+07
thread_safe,2,measured-padded-a,sampler_write,2,direct,5,200000,400000,23.1349,1.72899e+07
thread_safe,2,measured-padded-a,sampler_write,2,external,6,200000,400000,26.0159,1.53752e+07
thread_safe,2,measured-padded-a,sampler_write,2,direct,6,200000,400000,23.3405,1.71376e+07
thread_safe,2,measured-padded-a,sampler_write,4,external,0,200000,800000,61.9166,1.29206e+07
thread_safe,2,measured-padded-a,sampler_write,4,direct,0,200000,800000,63.002,1.2698e+07
thread_safe,2,measured-padded-a,sampler_write,4,external,1,200000,800000,56.6084,1.41322e+07
thread_safe,2,measured-padded-a,sampler_write,4,direct,1,200000,800000,60.3734,1.32509e+07
thread_safe,2,measured-padded-a,sampler_write,4,external,2,200000,800000,57.5498,1.3901e+07
thread_safe,2,measured-padded-a,sampler_write,4,direct,2,200000,800000,62.0062,1.29019e+07
thread_safe,2,measured-padded-a,sampler_write,4,external,3,200000,800000,54.4404,1.4695e+07
thread_safe,2,measured-padded-a,sampler_write,4,direct,3,200000,800000,61.2039,1.30711e+07
thread_safe,2,measured-padded-a,sampler_write,4,external,4,200000,800000,56.5977,1.41349e+07
thread_safe,2,measured-padded-a,sampler_write,4,direct,4,200000,800000,59.9026,1.3355e+07
thread_safe,2,measured-padded-a,sampler_write,4,external,5,200000,800000,65.7234,1.21722e+07
thread_safe,2,measured-padded-a,sampler_write,4,direct,5,200000,800000,62.6577,1.27678e+07
thread_safe,2,measured-padded-a,sampler_write,4,external,6,200000,800000,57.8138,1.38375e+07
thread_safe,2,measured-padded-a,sampler_write,4,direct,6,200000,800000,60.2875,1.32697e+07
thread_safe,2,measured-padded-a,sampler_write,8,external,0,200000,1600000,157.529,1.01568e+07
thread_safe,2,measured-padded-a,sampler_write,8,direct,0,200000,1600000,178.586,8.95927e+06
thread_safe,2,measured-padded-a,sampler_write,8,external,1,200000,1600000,157.744,1.0143e+07
thread_safe,2,measured-padded-a,sampler_write,8,direct,1,200000,1600000,170.911,9.36158e+06
thread_safe,2,measured-padded-a,sampler_write,8,external,2,200000,1600000,148.95,1.07419e+07
thread_safe,2,measured-padded-a,sampler_write,8,direct,2,200000,1600000,165.582,9.66289e+06
thread_safe,2,measured-padded-a,sampler_write,8,external,3,200000,1600000,153.135,1.04483e+07
thread_safe,2,measured-padded-a,sampler_write,8,direct,3,200000,1600000,167.499,9.55232e+06
thread_safe,2,measured-padded-a,sampler_write,8,external,4,200000,1600000,152.711,1.04773e+07
thread_safe,2,measured-padded-a,sampler_write,8,direct,4,200000,1600000,170.412,9.389e+06
thread_safe,2,measured-padded-a,sampler_write,8,external,5,200000,1600000,158.693,1.00824e+07
thread_safe,2,measured-padded-a,sampler_write,8,direct,5,200000,1600000,175.195,9.13269e+06
thread_safe,2,measured-padded-a,sampler_write,8,external,6,200000,1600000,165.855,9.64697e+06
thread_safe,2,measured-padded-a,sampler_write,8,direct,6,200000,1600000,178.151,8.98114e+06
thread_safe,2,measured-padded-a,mixed_write,1,external,0,300000,300000,14.4374,2.07794e+07
thread_safe,2,measured-padded-a,mixed_write,1,direct,0,300000,300000,12.7256,2.35745e+07
thread_safe,2,measured-padded-a,mixed_write,1,external,1,300000,300000,16.2622,1.84477e+07
thread_safe,2,measured-padded-a,mixed_write,1,direct,1,300000,300000,11.7337,2.55674e+07
thread_safe,2,measured-padded-a,mixed_write,1,external,2,300000,300000,15.2023,1.97339e+07
thread_safe,2,measured-padded-a,mixed_write,1,direct,2,300000,300000,10.0579,2.98273e+07
thread_safe,2,measured-padded-a,mixed_write,1,external,3,300000,300000,14.0097,2.14137e+07
thread_safe,2,measured-padded-a,mixed_write,1,direct,3,300000,300000,12.9283,2.32049e+07
thread_safe,2,measured-padded-a,mixed_write,1,external,4,300000,300000,14.5217,2.06587e+07
thread_safe,2,measured-padded-a,mixed_write,1,direct,4,300000,300000,10.1163,2.96551e+07
thread_safe,2,measured-padded-a,mixed_write,1,external,5,300000,300000,14.5081,2.06781e+07
thread_safe,2,measured-padded-a,mixed_write,1,direct,5,300000,300000,11.2692,2.66212e+07
thread_safe,2,measured-padded-a,mixed_write,1,external,6,300000,300000,15.391,1.94919e+07
thread_safe,2,measured-padded-a,mixed_write,1,direct,6,300000,300000,9.505,3.15623e+07
thread_safe,2,measured-padded-a,mixed_write,2,external,0,300000,600000,32.1201,1.86799e+07
thread_safe,2,measured-padded-a,mixed_write,2,direct,0,300000,600000,29.9807,2.00129e+07
thread_safe,2,measured-padded-a,mixed_write,2,external,1,300000,600000,29.4963,2.03415e+07
thread_safe,2,measured-padded-a,mixed_write,2,direct,1,300000,600000,21.729,2.76129e+07
thread_safe,2,measured-padded-a,mixed_write,2,external,2,300000,600000,32.0689,1.87097e+07
thread_safe,2,measured-padded-a,mixed_write,2,direct,2,300000,600000,21.7861,2.75405e+07
thread_safe,2,measured-padded-a,mixed_write,2,external,3,300000,600000,32.9502,1.82093e+07
thread_safe,2,measured-padded-a,mixed_write,2,direct,3,300000,600000,28.9314,2.07387e+07
thread_safe,2,measured-padded-a,mixed_write,2,external,4,300000,600000,30.508,1.9667e+07
thread_safe,2,measured-padded-a,mixed_write,2,direct,4,300000,600000,22.1381,2.71026e+07
thread_safe,2,measured-padded-a,mixed_write,2,external,5,300000,600000,31.0421,1.93286e+07
thread_safe,2,measured-padded-a,mixed_write,2,direct,5,300000,600000,25.8181,2.32395e+07
thread_safe,2,measured-padded-a,mixed_write,2,external,6,300000,600000,31.5402,1.90233e+07
thread_safe,2,measured-padded-a,mixed_write,2,direct,6,300000,600000,33.4898,1.79159e+07
thread_safe,2,measured-padded-a,mixed_write,4,external,0,300000,1200000,72.8946,1.64621e+07
thread_safe,2,measured-padded-a,mixed_write,4,direct,0,300000,1200000,62.8229,1.91013e+07
thread_safe,2,measured-padded-a,mixed_write,4,external,1,300000,1200000,72.1255,1.66377e+07
thread_safe,2,measured-padded-a,mixed_write,4,direct,1,300000,1200000,63.4173,1.89223e+07
thread_safe,2,measured-padded-a,mixed_write,4,external,2,300000,1200000,73.6025,1.63038e+07
thread_safe,2,measured-padded-a,mixed_write,4,direct,2,300000,1200000,58.667,2.04544e+07
thread_safe,2,measured-padded-a,mixed_write,4,external,3,300000,1200000,69.9367,1.71584e+07
thread_safe,2,measured-padded-a,mixed_write,4,direct,3,300000,1200000,62.7605,1.91203e+07
thread_safe,2,measured-padded-a,mixed_write,4,external,4,300000,1200000,74.2465,1.61624e+07
thread_safe,2,measured-padded-a,mixed_write,4,direct,4,300000,1200000,63.6998,1.88384e+07
thread_safe,2,measured-padded-a,mixed_write,4,external,5,300000,1200000,74.1666,1.61798e+07
thread_safe,2,measured-padded-a,mixed_write,4,direct,5,300000,1200000,62.7741,1.91162e+07
thread_safe,2,measured-padded-a,mixed_write,4,external,6,300000,1200000,74.3328,1.61436e+07
thread_safe,2,measured-padded-a,mixed_write,4,direct,6,300000,1200000,60.2034,1.99324e+07
thread_safe,2,measured-padded-a,mixed_write,8,external,0,300000,2400000,201.228,1.19267e+07
thread_safe,2,measured-padded-a,mixed_write,8,direct,0,300000,2400000,145.09,1.65414e+07
thread_safe,2,measured-padded-a,mixed_write,8,external,1,300000,2400000,212.786,1.12789e+07
thread_safe,2,measured-padded-a,mixed_write,8,direct,1,300000,2400000,145.005,1.65512e+07
thread_safe,2,measured-padded-a,mixed_write,8,external,2,300000,2400000,210.912,1.13791e+07
thread_safe,2,measured-padded-a,mixed_write,8,direct,2,300000,2400000,148.336,1.61795e+07
thread_safe,2,measured-padded-a,mixed_write,8,external,3,300000,2400000,205.064,1.17037e+07
thread_safe,2,measured-padded-a,mixed_write,8,direct,3,300000,2400000,145.9,1.64496e+07
thread_safe,2,measured-padded-a,mixed_write,8,external,4,300000,2400000,213.858,1.12224e+07
thread_safe,2,measured-padded-a,mixed_write,8,direct,4,300000,2400000,144.005,1.66661e+07
thread_safe,2,measured-padded-a,mixed_write,8,external,5,300000,2400000,206.218,1.16382e+07
thread_safe,2,measured-padded-a,mixed_write,8,direct,5,300000,2400000,146.842,1.63441e+07
thread_safe,2,measured-padded-a,mixed_write,8,external,6,300000,2400000,199.069,1.20561e+07
thread_safe,2,measured-padded-a,mixed_write,8,direct,6,300000,2400000,142.669,1.68221e+07
thread_safe,3,measured-padded-b,allocate_release,1,external,0,1000000,2000000,39.4073,5.0752e+07
thread_safe,3,measured-padded-b,allocate_release,1,direct,0,1000000,2000000,28.0869,7.12076e+07
thread_safe,3,measured-padded-b,allocate_release,1,external,1,1000000,2000000,37.8406,5.28533e+07
thread_safe,3,measured-padded-b,allocate_release,1,direct,1,1000000,2000000,26.0424,7.67978e+07
thread_safe,3,measured-padded-b,allocate_release,1,external,2,1000000,2000000,37.5726,5.32303e+07
thread_safe,3,measured-padded-b,allocate_release,1,direct,2,1000000,2000000,27.2501,7.33942e+07
thread_safe,3,measured-padded-b,allocate_release,1,external,3,1000000,2000000,37.3012,5.36176e+07
thread_safe,3,measured-padded-b,allocate_release,1,direct,3,1000000,2000000,24.6532,8.11254e+07
thread_safe,3,measured-padded-b,allocate_release,1,external,4,1000000,2000000,36.018,5.55278e+07
thread_safe,3,measured-padded-b,allocate_release,1,direct,4,1000000,2000000,24.2703,8.24052e+07
thread_safe,3,measured-padded-b,allocate_release,1,external,5,1000000,2000000,35.4468,5.64226e+07
thread_safe,3,measured-padded-b,allocate_release,1,direct,5,1000000,2000000,26.6094,7.51614e+07
thread_safe,3,measured-padded-b,allocate_release,1,external,6,1000000,2000000,39.3457,5.08315e+07
thread_safe,3,measured-padded-b,allocate_release,1,direct,6,1000000,2000000,26.2989,7.60488e+07
thread_safe,3,measured-padded-b,allocate_release,2,external,0,1000000,4000000,84.4349,4.73738e+07
thread_safe,3,measured-padded-b,allocate_release,2,direct,0,1000000,4000000,30.969,1.29161e+08
thread_safe,3,measured-padded-b,allocate_release,2,external,1,1000000,4000000,82.1795,4.86739e+07
thread_safe,3,measured-padded-b,allocate_release,2,direct,1,1000000,4000000,28.4248,1.40722e+08
thread_safe,3,measured-padded-b,allocate_release,2,external,2,1000000,4000000,80.9461,4.94156e+07
thread_safe,3,measured-padded-b,allocate_release,2,direct,2,1000000,4000000,28.2981,1.41352e+08
thread_safe,3,measured-padded-b,allocate_release,2,external,3,1000000,4000000,84.2491,4.74783e+07
thread_safe,3,measured-padded-b,allocate_release,2,direct,3,1000000,4000000,46.1359,8.67004e+07
thread_safe,3,measured-padded-b,allocate_release,2,external,4,1000000,4000000,83.7395,4.77672e+07
thread_safe,3,measured-padded-b,allocate_release,2,direct,4,1000000,4000000,30.0614,1.33061e+08
thread_safe,3,measured-padded-b,allocate_release,2,external,5,1000000,4000000,80.4245,4.97361e+07
thread_safe,3,measured-padded-b,allocate_release,2,direct,5,1000000,4000000,28.1341,1.42176e+08
thread_safe,3,measured-padded-b,allocate_release,2,external,6,1000000,4000000,80.3524,4.97807e+07
thread_safe,3,measured-padded-b,allocate_release,2,direct,6,1000000,4000000,29.2482,1.36761e+08
thread_safe,3,measured-padded-b,allocate_release,4,external,0,1000000,8000000,200.736,3.98533e+07
thread_safe,3,measured-padded-b,allocate_release,4,direct,0,1000000,8000000,51.8093,1.54412e+08
thread_safe,3,measured-padded-b,allocate_release,4,external,1,1000000,8000000,204.631,3.90947e+07
thread_safe,3,measured-padded-b,allocate_release,4,direct,1,1000000,8000000,53.1944,1.50392e+08
thread_safe,3,measured-padded-b,allocate_release,4,external,2,1000000,8000000,198.459,4.03107e+07
thread_safe,3,measured-padded-b,allocate_release,4,direct,2,1000000,8000000,51.656,1.54871e+08
thread_safe,3,measured-padded-b,allocate_release,4,external,3,1000000,8000000,205.782,3.88761e+07
thread_safe,3,measured-padded-b,allocate_release,4,direct,3,1000000,8000000,52.1339,1.53451e+08
thread_safe,3,measured-padded-b,allocate_release,4,external,4,1000000,8000000,194.447,4.11422e+07
thread_safe,3,measured-padded-b,allocate_release,4,direct,4,1000000,8000000,51.5729,1.5512e+08
thread_safe,3,measured-padded-b,allocate_release,4,external,5,1000000,8000000,233.033,3.43299e+07
thread_safe,3,measured-padded-b,allocate_release,4,direct,5,1000000,8000000,68.5716,1.16666e+08
thread_safe,3,measured-padded-b,allocate_release,4,external,6,1000000,8000000,230.127,3.47635e+07
thread_safe,3,measured-padded-b,allocate_release,4,direct,6,1000000,8000000,65.2979,1.22515e+08
thread_safe,3,measured-padded-b,allocate_release,8,external,0,1000000,16000000,790.308,2.02453e+07
thread_safe,3,measured-padded-b,allocate_release,8,direct,0,1000000,16000000,145.538,1.09937e+08
thread_safe,3,measured-padded-b,allocate_release,8,external,1,1000000,16000000,752.222,2.12703e+07
thread_safe,3,measured-padded-b,allocate_release,8,direct,1,1000000,16000000,149.219,1.07225e+08
thread_safe,3,measured-padded-b,allocate_release,8,external,2,1000000,16000000,803.272,1.99185e+07
thread_safe,3,measured-padded-b,allocate_release,8,direct,2,1000000,16000000,154.566,1.03515e+08
thread_safe,3,measured-padded-b,allocate_release,8,external,3,1000000,16000000,793.568,2.01621e+07
thread_safe,3,measured-padded-b,allocate_release,8,direct,3,1000000,16000000,156.518,1.02225e+08
thread_safe,3,measured-padded-b,allocate_release,8,external,4,1000000,16000000,808.57,1.9788e+07
thread_safe,3,measured-padded-b,allocate_release,8,direct,4,1000000,16000000,133.931,1.19464e+08
thread_safe,3,measured-padded-b,allocate_release,8,external,5,1000000,16000000,774.863,2.06488e+07
thread_safe,3,measured-padded-b,allocate_release,8,direct,5,1000000,16000000,139.957,1.14321e+08
thread_safe,3,measured-padded-b,allocate_release,8,external,6,1000000,16000000,784.537,2.03942e+07
thread_safe,3,measured-padded-b,allocate_release,8,direct,6,1000000,16000000,136.581,1.17147e+08
thread_safe,3,measured-padded-b,buffer_write,1,external,0,1000000,1000000,36.4091,2.74657e+07
thread_safe,3,measured-padded-b,buffer_write,1,direct,0,1000000,1000000,27.9339,3.57988e+07
thread_safe,3,measured-padded-b,buffer_write,1,external,1,1000000,1000000,33.058,3.02499e+07
thread_safe,3,measured-padded-b,buffer_write,1,direct,1,1000000,1000000,26.3149,3.80013e+07
thread_safe,3,measured-padded-b,buffer_write,1,external,2,1000000,1000000,36.2709,2.75703e+07
thread_safe,3,measured-padded-b,buffer_write,1,direct,2,1000000,1000000,26.5178,3.77105e+07
thread_safe,3,measured-padded-b,buffer_write,1,external,3,1000000,1000000,35.0025,2.85694e+07
thread_safe,3,measured-padded-b,buffer_write,1,direct,3,1000000,1000000,27.6569,3.61573e+07
thread_safe,3,measured-padded-b,buffer_write,1,external,4,1000000,1000000,36.6241,2.73044e+07
thread_safe,3,measured-padded-b,buffer_write,1,direct,4,1000000,1000000,27.8317,3.59303e+07
thread_safe,3,measured-padded-b,buffer_write,1,external,5,1000000,1000000,37.4404,2.67091e+07
thread_safe,3,measured-padded-b,buffer_write,1,direct,5,1000000,1000000,25.9903,3.84759e+07
thread_safe,3,measured-padded-b,buffer_write,1,external,6,1000000,1000000,33.7003,2.96733e+07
thread_safe,3,measured-padded-b,buffer_write,1,direct,6,1000000,1000000,31.7908,3.14556e+07
thread_safe,3,measured-padded-b,buffer_write,2,external,0,1000000,2000000,95.0438,2.10429e+07
thread_safe,3,measured-padded-b,buffer_write,2,direct,0,1000000,2000000,65.6626,3.04587e+07
thread_safe,3,measured-padded-b,buffer_write,2,external,1,1000000,2000000,90.0474,2.22105e+07
thread_safe,3,measured-padded-b,buffer_write,2,direct,1,1000000,2000000,61.7739,3.23761e+07
thread_safe,3,measured-padded-b,buffer_write,2,external,2,1000000,2000000,84.7815,2.35901e+07
thread_safe,3,measured-padded-b,buffer_write,2,direct,2,1000000,2000000,62.6808,3.19077e+07
thread_safe,3,measured-padded-b,buffer_write,2,external,3,1000000,2000000,87.2948,2.29109e+07
thread_safe,3,measured-padded-b,buffer_write,2,direct,3,1000000,2000000,71.5867,2.79382e+07
thread_safe,3,measured-padded-b,buffer_write,2,external,4,1000000,2000000,86.5276,2.3114e+07
thread_safe,3,measured-padded-b,buffer_write,2,direct,4,1000000,2000000,68.6458,2.91351e+07
thread_safe,3,measured-padded-b,buffer_write,2,external,5,1000000,2000000,78.6974,2.54138e+07
thread_safe,3,measured-padded-b,buffer_write,2,direct,5,1000000,2000000,60.8277,3.28798e+07
thread_safe,3,measured-padded-b,buffer_write,2,external,6,1000000,2000000,83.4941,2.39538e+07
thread_safe,3,measured-padded-b,buffer_write,2,direct,6,1000000,2000000,60.3143,3.31596e+07
thread_safe,3,measured-padded-b,buffer_write,4,external,0,1000000,4000000,198.122,2.01896e+07
thread_safe,3,measured-padded-b,buffer_write,4,direct,0,1000000,4000000,153.392,2.60769e+07
thread_safe,3,measured-padded-b,buffer_write,4,external,1,1000000,4000000,199.822,2.00178e+07
thread_safe,3,measured-padded-b,buffer_write,4,direct,1,1000000,4000000,135.995,2.94129e+07
thread_safe,3,measured-padded-b,buffer_write,4,external,2,1000000,4000000,207.259,1.92995e+07
thread_safe,3,measured-padded-b,buffer_write,4,direct,2,1000000,4000000,127.104,3.14702e+07
thread_safe,3,measured-padded-b,buffer_write,4,external,3,1000000,4000000,202.975,1.97069e+07
thread_safe,3,measured-padded-b,buffer_write,4,direct,3,1000000,4000000,131.822,3.03439e+07
thread_safe,3,measured-padded-b,buffer_write,4,external,4,1000000,4000000,204.187,1.95899e+07
thread_safe,3,measured-padded-b,buffer_write,4,direct,4,1000000,4000000,151.839,2.63437e+07
thread_safe,3,measured-padded-b,buffer_write,4,external,5,1000000,4000000,193.504,2.06714e+07
thread_safe,3,measured-padded-b,buffer_write,4,direct,5,1000000,4000000,158.324,2.52646e+07
thread_safe,3,measured-padded-b,buffer_write,4,external,6,1000000,4000000,207.795,1.92497e+07
thread_safe,3,measured-padded-b,buffer_write,4,direct,6,1000000,4000000,141.897,2.81894e+07
thread_safe,3,measured-padded-b,buffer_write,8,external,0,1000000,8000000,578.228,1.38354e+07
thread_safe,3,measured-padded-b,buffer_write,8,direct,0,1000000,8000000,521.169,1.53501e+07
thread_safe,3,measured-padded-b,buffer_write,8,external,1,1000000,8000000,584.491,1.36871e+07
thread_safe,3,measured-padded-b,buffer_write,8,direct,1,1000000,8000000,506.509,1.57944e+07
thread_safe,3,measured-padded-b,buffer_write,8,external,2,1000000,8000000,604.917,1.3225e+07
thread_safe,3,measured-padded-b,buffer_write,8,direct,2,1000000,8000000,501.017,1.59675e+07
thread_safe,3,measured-padded-b,buffer_write,8,external,3,1000000,8000000,583.759,1.37043e+07
thread_safe,3,measured-padded-b,buffer_write,8,direct,3,1000000,8000000,497.011,1.60962e+07
thread_safe,3,measured-padded-b,buffer_write,8,external,4,1000000,8000000,591.852,1.35169e+07
thread_safe,3,measured-padded-b,buffer_write,8,direct,4,1000000,8000000,510.417,1.56735e+07
thread_safe,3,measured-padded-b,buffer_write,8,external,5,1000000,8000000,596.001,1.34228e+07
thread_safe,3,measured-padded-b,buffer_write,8,direct,5,1000000,8000000,503.887,1.58766e+07
thread_safe,3,measured-padded-b,buffer_write,8,external,6,1000000,8000000,588.06,1.36041e+07
thread_safe,3,measured-padded-b,buffer_write,8,direct,6,1000000,8000000,508.081,1.57455e+07
thread_safe,3,measured-padded-b,sampler_write,1,external,0,200000,200000,10.7366,1.86279e+07
thread_safe,3,measured-padded-b,sampler_write,1,direct,0,200000,200000,9.6221,2.07855e+07
thread_safe,3,measured-padded-b,sampler_write,1,external,1,200000,200000,11.1716,1.79025e+07
thread_safe,3,measured-padded-b,sampler_write,1,direct,1,200000,200000,9.4991,2.10546e+07
thread_safe,3,measured-padded-b,sampler_write,1,external,2,200000,200000,13.8885,1.44004e+07
thread_safe,3,measured-padded-b,sampler_write,1,direct,2,200000,200000,10.0829,1.98356e+07
thread_safe,3,measured-padded-b,sampler_write,1,external,3,200000,200000,10.7649,1.85789e+07
thread_safe,3,measured-padded-b,sampler_write,1,direct,3,200000,200000,9.2762,2.15606e+07
thread_safe,3,measured-padded-b,sampler_write,1,external,4,200000,200000,10.4372,1.91622e+07
thread_safe,3,measured-padded-b,sampler_write,1,direct,4,200000,200000,9.3802,2.13215e+07
thread_safe,3,measured-padded-b,sampler_write,1,external,5,200000,200000,10.3743,1.92784e+07
thread_safe,3,measured-padded-b,sampler_write,1,direct,5,200000,200000,9.197,2.17462e+07
thread_safe,3,measured-padded-b,sampler_write,1,external,6,200000,200000,10.4375,1.91617e+07
thread_safe,3,measured-padded-b,sampler_write,1,direct,6,200000,200000,9.3467,2.13979e+07
thread_safe,3,measured-padded-b,sampler_write,2,external,0,200000,400000,25.1092,1.59304e+07
thread_safe,3,measured-padded-b,sampler_write,2,direct,0,200000,400000,24.5562,1.62892e+07
thread_safe,3,measured-padded-b,sampler_write,2,external,1,200000,400000,27.7021,1.44393e+07
thread_safe,3,measured-padded-b,sampler_write,2,direct,1,200000,400000,23.9772,1.66825e+07
thread_safe,3,measured-padded-b,sampler_write,2,external,2,200000,400000,22.4399,1.78254e+07
thread_safe,3,measured-padded-b,sampler_write,2,direct,2,200000,400000,23.714,1.68677e+07
thread_safe,3,measured-padded-b,sampler_write,2,external,3,200000,400000,22.9481,1.74306e+07
thread_safe,3,measured-padded-b,sampler_write,2,direct,3,200000,400000,21.3832,1.87063e+07
thread_safe,3,measured-padded-b,sampler_write,2,external,4,200000,400000,25.889,1.54506e+07
thread_safe,3,measured-padded-b,sampler_write,2,direct,4,200000,400000,22.2754,1.7957e+07
thread_safe,3,measured-padded-b,sampler_write,2,external,5,200000,400000,25.9436,1.54181e+07
thread_safe,3,measured-padded-b,sampler_write,2,direct,5,200000,400000,22.4491,1.78181e+07
thread_safe,3,measured-padded-b,sampler_write,2,external,6,200000,400000,26.4101,1.51457e+07
thread_safe,3,measured-padded-b,sampler_write,2,direct,6,200000,400000,23.9744,1.66845e+07
thread_safe,3,measured-padded-b,sampler_write,4,external,0,200000,800000,56.6661,1.41178e+07
thread_safe,3,measured-padded-b,sampler_write,4,direct,0,200000,800000,64.2062,1.24599e+07
thread_safe,3,measured-padded-b,sampler_write,4,external,1,200000,800000,55.4805,1.44195e+07
thread_safe,3,measured-padded-b,sampler_write,4,direct,1,200000,800000,63.8888,1.25218e+07
thread_safe,3,measured-padded-b,sampler_write,4,external,2,200000,800000,58.154,1.37566e+07
thread_safe,3,measured-padded-b,sampler_write,4,direct,2,200000,800000,62.1852,1.28648e+07
thread_safe,3,measured-padded-b,sampler_write,4,external,3,200000,800000,57.6745,1.38709e+07
thread_safe,3,measured-padded-b,sampler_write,4,direct,3,200000,800000,60.3389,1.32584e+07
thread_safe,3,measured-padded-b,sampler_write,4,external,4,200000,800000,56.8309,1.40768e+07
thread_safe,3,measured-padded-b,sampler_write,4,direct,4,200000,800000,58.2058,1.37443e+07
thread_safe,3,measured-padded-b,sampler_write,4,external,5,200000,800000,57.219,1.39814e+07
thread_safe,3,measured-padded-b,sampler_write,4,direct,5,200000,800000,62.8682,1.2725e+07
thread_safe,3,measured-padded-b,sampler_write,4,external,6,200000,800000,54.1065,1.47857e+07
thread_safe,3,measured-padded-b,sampler_write,4,direct,6,200000,800000,59.9071,1.3354e+07
thread_safe,3,measured-padded-b,sampler_write,8,external,0,200000,1600000,149.246,1.07206e+07
thread_safe,3,measured-padded-b,sampler_write,8,direct,0,200000,1600000,166.751,9.59513e+06
thread_safe,3,measured-padded-b,sampler_write,8,external,1,200000,1600000,150.282,1.06467e+07
thread_safe,3,measured-padded-b,sampler_write,8,direct,1,200000,1600000,167.272,9.56529e+06
thread_safe,3,measured-padded-b,sampler_write,8,external,2,200000,1600000,156.597,1.02173e+07
thread_safe,3,measured-padded-b,sampler_write,8,direct,2,200000,1600000,168.238,9.51032e+06
thread_safe,3,measured-padded-b,sampler_write,8,external,3,200000,1600000,151.615,1.05531e+07
thread_safe,3,measured-padded-b,sampler_write,8,direct,3,200000,1600000,164.229,9.74247e+06
thread_safe,3,measured-padded-b,sampler_write,8,external,4,200000,1600000,147.607,1.08396e+07
thread_safe,3,measured-padded-b,sampler_write,8,direct,4,200000,1600000,166.701,9.59803e+06
thread_safe,3,measured-padded-b,sampler_write,8,external,5,200000,1600000,151.937,1.05307e+07
thread_safe,3,measured-padded-b,sampler_write,8,direct,5,200000,1600000,165.695,9.65628e+06
thread_safe,3,measured-padded-b,sampler_write,8,external,6,200000,1600000,152.92,1.0463e+07
thread_safe,3,measured-padded-b,sampler_write,8,direct,6,200000,1600000,219.446,7.29109e+06
thread_safe,3,measured-padded-b,mixed_write,1,external,0,300000,300000,122.069,2.45762e+06
thread_safe,3,measured-padded-b,mixed_write,1,direct,0,300000,300000,16.4303,1.82589e+07
thread_safe,3,measured-padded-b,mixed_write,1,external,1,300000,300000,16.4257,1.82641e+07
thread_safe,3,measured-padded-b,mixed_write,1,direct,1,300000,300000,10.4496,2.87092e+07
thread_safe,3,measured-padded-b,mixed_write,1,external,2,300000,300000,10.8489,2.76526e+07
thread_safe,3,measured-padded-b,mixed_write,1,direct,2,300000,300000,7.2972,4.11117e+07
thread_safe,3,measured-padded-b,mixed_write,1,external,3,300000,300000,11.3408,2.64532e+07
thread_safe,3,measured-padded-b,mixed_write,1,direct,3,300000,300000,7.2511,4.1373e+07
thread_safe,3,measured-padded-b,mixed_write,1,external,4,300000,300000,9.565,3.13643e+07
thread_safe,3,measured-padded-b,mixed_write,1,direct,4,300000,300000,7.0956,4.22797e+07
thread_safe,3,measured-padded-b,mixed_write,1,external,5,300000,300000,9.5261,3.14924e+07
thread_safe,3,measured-padded-b,mixed_write,1,direct,5,300000,300000,7.2223,4.1538e+07
thread_safe,3,measured-padded-b,mixed_write,1,external,6,300000,300000,9.0958,3.29823e+07
thread_safe,3,measured-padded-b,mixed_write,1,direct,6,300000,300000,7.2438,4.14147e+07
thread_safe,3,measured-padded-b,mixed_write,2,external,0,300000,600000,31.0825,1.93035e+07
thread_safe,3,measured-padded-b,mixed_write,2,direct,0,300000,600000,32.5332,1.84427e+07
thread_safe,3,measured-padded-b,mixed_write,2,external,1,300000,600000,29.4577,2.03682e+07
thread_safe,3,measured-padded-b,mixed_write,2,direct,1,300000,600000,21.5956,2.77834e+07
thread_safe,3,measured-padded-b,mixed_write,2,external,2,300000,600000,28.4489,2.10904e+07
thread_safe,3,measured-padded-b,mixed_write,2,direct,2,300000,600000,32.1811,1.86445e+07
thread_safe,3,measured-padded-b,mixed_write,2,external,3,300000,600000,30.2882,1.98097e+07
thread_safe,3,measured-padded-b,mixed_write,2,direct,3,300000,600000,22.4322,2.67473e+07
thread_safe,3,measured-padded-b,mixed_write,2,external,4,300000,600000,35.4941,1.69042e+07
thread_safe,3,measured-padded-b,mixed_write,2,direct,4,300000,600000,32.5431,1.84371e+07
thread_safe,3,measured-padded-b,mixed_write,2,external,5,300000,600000,32.7914,1.82975e+07
thread_safe,3,measured-padded-b,mixed_write,2,direct,5,300000,600000,21.9085,2.73866e+07
thread_safe,3,measured-padded-b,mixed_write,2,external,6,300000,600000,27.4883,2.18275e+07
thread_safe,3,measured-padded-b,mixed_write,2,direct,6,300000,600000,28.424,2.11089e+07
thread_safe,3,measured-padded-b,mixed_write,4,external,0,300000,1200000,70.1333,1.71103e+07
thread_safe,3,measured-padded-b,mixed_write,4,direct,0,300000,1200000,59.1445,2.02893e+07
thread_safe,3,measured-padded-b,mixed_write,4,external,1,300000,1200000,69.3006,1.73159e+07
thread_safe,3,measured-padded-b,mixed_write,4,direct,1,300000,1200000,64.8679,1.84991e+07
thread_safe,3,measured-padded-b,mixed_write,4,external,2,300000,1200000,76.5768,1.56705e+07
thread_safe,3,measured-padded-b,mixed_write,4,direct,2,300000,1200000,62.9685,1.90571e+07
thread_safe,3,measured-padded-b,mixed_write,4,external,3,300000,1200000,73.343,1.63615e+07
thread_safe,3,measured-padded-b,mixed_write,4,direct,3,300000,1200000,64.068,1.87301e+07
thread_safe,3,measured-padded-b,mixed_write,4,external,4,300000,1200000,74.8158,1.60394e+07
thread_safe,3,measured-padded-b,mixed_write,4,direct,4,300000,1200000,66.5825,1.80228e+07
thread_safe,3,measured-padded-b,mixed_write,4,external,5,300000,1200000,77.5413,1.54756e+07
thread_safe,3,measured-padded-b,mixed_write,4,direct,5,300000,1200000,67.5916,1.77537e+07
thread_safe,3,measured-padded-b,mixed_write,4,external,6,300000,1200000,72.0991,1.66438e+07
thread_safe,3,measured-padded-b,mixed_write,4,direct,6,300000,1200000,63.063,1.90286e+07
thread_safe,3,measured-padded-b,mixed_write,8,external,0,300000,2400000,198.134,1.2113e+07
thread_safe,3,measured-padded-b,mixed_write,8,direct,0,300000,2400000,142.234,1.68737e+07
thread_safe,3,measured-padded-b,mixed_write,8,external,1,300000,2400000,185.559,1.29339e+07
thread_safe,3,measured-padded-b,mixed_write,8,direct,1,300000,2400000,141.211,1.69959e+07
thread_safe,3,measured-padded-b,mixed_write,8,external,2,300000,2400000,200.78,1.19534e+07
thread_safe,3,measured-padded-b,mixed_write,8,direct,2,300000,2400000,142.008,1.69005e+07
thread_safe,3,measured-padded-b,mixed_write,8,external,3,300000,2400000,197.993,1.21216e+07
thread_safe,3,measured-padded-b,mixed_write,8,direct,3,300000,2400000,143.881,1.66805e+07
thread_safe,3,measured-padded-b,mixed_write,8,external,4,300000,2400000,197.789,1.21342e+07
thread_safe,3,measured-padded-b,mixed_write,8,direct,4,300000,2400000,142.937,1.67906e+07
thread_safe,3,measured-padded-b,mixed_write,8,external,5,300000,2400000,204.482,1.1737e+07
thread_safe,3,measured-padded-b,mixed_write,8,direct,5,300000,2400000,142.302,1.68656e+07
thread_safe,3,measured-padded-b,mixed_write,8,external,6,300000,2400000,198.261,1.21052e+07
thread_safe,3,measured-padded-b,mixed_write,8,direct,6,300000,2400000,143.693,1.67023e+07
baseline,4,measured-control-b,allocate_release,1,external,0,1000000,2000000,24.586,8.13471e+07
baseline,4,measured-control-b,allocate_release,1,direct,0,1000000,2000000,15.6577,1.27733e+08
baseline,4,measured-control-b,allocate_release,1,external,1,1000000,2000000,23.2981,8.58439e+07
baseline,4,measured-control-b,allocate_release,1,direct,1,1000000,2000000,15.5954,1.28243e+08
baseline,4,measured-control-b,allocate_release,1,external,2,1000000,2000000,22.2751,8.97864e+07
baseline,4,measured-control-b,allocate_release,1,direct,2,1000000,2000000,15.844,1.26231e+08
baseline,4,measured-control-b,allocate_release,1,external,3,1000000,2000000,23.7749,8.41223e+07
baseline,4,measured-control-b,allocate_release,1,direct,3,1000000,2000000,14.9205,1.34044e+08
baseline,4,measured-control-b,allocate_release,1,external,4,1000000,2000000,22.3311,8.95612e+07
baseline,4,measured-control-b,allocate_release,1,direct,4,1000000,2000000,14.3183,1.39681e+08
baseline,4,measured-control-b,allocate_release,1,external,5,1000000,2000000,22.3368,8.95383e+07
baseline,4,measured-control-b,allocate_release,1,direct,5,1000000,2000000,14.4356,1.38546e+08
baseline,4,measured-control-b,allocate_release,1,external,6,1000000,2000000,23.5141,8.50553e+07
baseline,4,measured-control-b,allocate_release,1,direct,6,1000000,2000000,15.0394,1.32984e+08
baseline,4,measured-control-b,allocate_release,2,external,0,1000000,4000000,47.3228,8.45259e+07
baseline,4,measured-control-b,allocate_release,2,external,1,1000000,4000000,48.7709,8.20161e+07
baseline,4,measured-control-b,allocate_release,2,external,2,1000000,4000000,51.9084,7.70588e+07
baseline,4,measured-control-b,allocate_release,2,external,3,1000000,4000000,47.4392,8.43185e+07
baseline,4,measured-control-b,allocate_release,2,external,4,1000000,4000000,47.9022,8.35035e+07
baseline,4,measured-control-b,allocate_release,2,external,5,1000000,4000000,50.8026,7.87361e+07
baseline,4,measured-control-b,allocate_release,2,external,6,1000000,4000000,46.2722,8.6445e+07
baseline,4,measured-control-b,allocate_release,4,external,0,1000000,8000000,108.289,7.38765e+07
baseline,4,measured-control-b,allocate_release,4,external,1,1000000,8000000,110.884,7.21477e+07
baseline,4,measured-control-b,allocate_release,4,external,2,1000000,8000000,112.205,7.12978e+07
baseline,4,measured-control-b,allocate_release,4,external,3,1000000,8000000,112.61,7.10418e+07
baseline,4,measured-control-b,allocate_release,4,external,4,1000000,8000000,108.261,7.38954e+07
baseline,4,measured-control-b,allocate_release,4,external,5,1000000,8000000,110.498,7.23994e+07
baseline,4,measured-control-b,allocate_release,4,external,6,1000000,8000000,110.61,7.23262e+07
baseline,4,measured-control-b,allocate_release,8,external,0,1000000,16000000,405.375,3.94696e+07
baseline,4,measured-control-b,allocate_release,8,external,1,1000000,16000000,456.882,3.502e+07
baseline,4,measured-control-b,allocate_release,8,external,2,1000000,16000000,402.846,3.97174e+07
baseline,4,measured-control-b,allocate_release,8,external,3,1000000,16000000,409.964,3.90278e+07
baseline,4,measured-control-b,allocate_release,8,external,4,1000000,16000000,423.316,3.77968e+07
baseline,4,measured-control-b,allocate_release,8,external,5,1000000,16000000,426.785,3.74896e+07
baseline,4,measured-control-b,allocate_release,8,external,6,1000000,16000000,432.881,3.69617e+07
baseline,4,measured-control-b,buffer_write,1,external,0,1000000,1000000,32.7716,3.05142e+07
baseline,4,measured-control-b,buffer_write,1,direct,0,1000000,1000000,26.2978,3.8026e+07
baseline,4,measured-control-b,buffer_write,1,external,1,1000000,1000000,38.1979,2.61794e+07
baseline,4,measured-control-b,buffer_write,1,direct,1,1000000,1000000,20.2184,4.94599e+07
baseline,4,measured-control-b,buffer_write,1,external,2,1000000,1000000,23.8467,4.19345e+07
baseline,4,measured-control-b,buffer_write,1,direct,2,1000000,1000000,20.2636,4.93496e+07
baseline,4,measured-control-b,buffer_write,1,external,3,1000000,1000000,25.4995,3.92165e+07
baseline,4,measured-control-b,buffer_write,1,direct,3,1000000,1000000,29.5585,3.38312e+07
baseline,4,measured-control-b,buffer_write,1,external,4,1000000,1000000,31.8438,3.14033e+07
baseline,4,measured-control-b,buffer_write,1,direct,4,1000000,1000000,19.4978,5.12878e+07
baseline,4,measured-control-b,buffer_write,1,external,5,1000000,1000000,27.6734,3.61358e+07
baseline,4,measured-control-b,buffer_write,1,direct,5,1000000,1000000,27.0263,3.7001e+07
baseline,4,measured-control-b,buffer_write,1,external,6,1000000,1000000,41.4041,2.41522e+07
baseline,4,measured-control-b,buffer_write,1,direct,6,1000000,1000000,18.3049,5.46302e+07
baseline,4,measured-control-b,buffer_write,2,external,0,1000000,2000000,56.5966,3.53378e+07
baseline,4,measured-control-b,buffer_write,2,external,1,1000000,2000000,54.7506,3.65293e+07
baseline,4,measured-control-b,buffer_write,2,external,2,1000000,2000000,48.5363,4.12063e+07
baseline,4,measured-control-b,buffer_write,2,external,3,1000000,2000000,62.1183,3.21966e+07
baseline,4,measured-control-b,buffer_write,2,external,4,1000000,2000000,61.7652,3.23807e+07
baseline,4,measured-control-b,buffer_write,2,external,5,1000000,2000000,54.9782,3.63781e+07
baseline,4,measured-control-b,buffer_write,2,external,6,1000000,2000000,58.2696,3.43232e+07
baseline,4,measured-control-b,buffer_write,4,external,0,1000000,4000000,127.964,3.12587e+07
baseline,4,measured-control-b,buffer_write,4,external,1,1000000,4000000,119.142,3.35733e+07
baseline,4,measured-control-b,buffer_write,4,external,2,1000000,4000000,126.891,3.15232e+07
baseline,4,measured-control-b,buffer_write,4,external,3,1000000,4000000,148.686,2.69022e+07
baseline,4,measured-control-b,buffer_write,4,external,4,1000000,4000000,122.713,3.25963e+07
baseline,4,measured-control-b,buffer_write,4,external,5,1000000,4000000,143.036,2.79651e+07
baseline,4,measured-control-b,buffer_write,4,external,6,1000000,4000000,113.227,3.53271e+07
baseline,4,measured-control-b,buffer_write,8,external,0,1000000,8000000,436.638,1.83218e+07
baseline,4,measured-control-b,buffer_write,8,external,1,1000000,8000000,446.255,1.7927e+07
baseline,4,measured-control-b,buffer_write,8,external,2,1000000,8000000,465.475,1.71867e+07
baseline,4,measured-control-b,buffer_write,8,external,3,1000000,8000000,433.585,1.84508e+07
baseline,4,measured-control-b,buffer_write,8,external,4,1000000,8000000,443.49,1.80388e+07
baseline,4,measured-control-b,buffer_write,8,external,5,1000000,8000000,431.421,1.85434e+07
baseline,4,measured-control-b,buffer_write,8,external,6,1000000,8000000,434.14,1.84273e+07
baseline,4,measured-control-b,sampler_write,1,external,0,200000,200000,24.4252,8.18826e+06
baseline,4,measured-control-b,sampler_write,1,direct,0,200000,200000,22.7597,8.78746e+06
baseline,4,measured-control-b,sampler_write,1,external,1,200000,200000,24.991,8.00288e+06
baseline,4,measured-control-b,sampler_write,1,direct,1,200000,200000,22.4465,8.91008e+06
baseline,4,measured-control-b,sampler_write,1,external,2,200000,200000,26.561,7.52984e+06
baseline,4,measured-control-b,sampler_write,1,direct,2,200000,200000,22.6807,8.81807e+06
baseline,4,measured-control-b,sampler_write,1,external,3,200000,200000,25.8043,7.75065e+06
baseline,4,measured-control-b,sampler_write,1,direct,3,200000,200000,22.6476,8.83096e+06
baseline,4,measured-control-b,sampler_write,1,external,4,200000,200000,23.9415,8.3537e+06
baseline,4,measured-control-b,sampler_write,1,direct,4,200000,200000,23.0803,8.6654e+06
baseline,4,measured-control-b,sampler_write,1,external,5,200000,200000,23.924,8.35981e+06
baseline,4,measured-control-b,sampler_write,1,direct,5,200000,200000,23.2552,8.60023e+06
baseline,4,measured-control-b,sampler_write,1,external,6,200000,200000,23.7869,8.40799e+06
baseline,4,measured-control-b,sampler_write,1,direct,6,200000,200000,22.4922,8.89197e+06
baseline,4,measured-control-b,sampler_write,2,external,0,200000,400000,71.0472,5.63006e+06
baseline,4,measured-control-b,sampler_write,2,external,1,200000,400000,56.0359,7.13828e+06
baseline,4,measured-control-b,sampler_write,2,external,2,200000,400000,51.3115,7.79552e+06
baseline,4,measured-control-b,sampler_write,2,external,3,200000,400000,61.9874,6.45292e+06
baseline,4,measured-control-b,sampler_write,2,external,4,200000,400000,55.3576,7.22575e+06
baseline,4,measured-control-b,sampler_write,2,external,5,200000,400000,64.4949,6.20204e+06
baseline,4,measured-control-b,sampler_write,2,external,6,200000,400000,62.187,6.43221e+06
baseline,4,measured-control-b,sampler_write,4,external,0,200000,800000,138.037,5.79553e+06
baseline,4,measured-control-b,sampler_write,4,external,1,200000,800000,136.671,5.85348e+06
baseline,4,measured-control-b,sampler_write,4,external,2,200000,800000,138.212,5.78821e+06
baseline,4,measured-control-b,sampler_write,4,external,3,200000,800000,140.846,5.67995e+06
baseline,4,measured-control-b,sampler_write,4,external,4,200000,800000,139.706,5.72632e+06
baseline,4,measured-control-b,sampler_write,4,external,5,200000,800000,137.679,5.81061e+06
baseline,4,measured-control-b,sampler_write,4,external,6,200000,800000,137.136,5.83365e+06
baseline,4,measured-control-b,sampler_write,8,external,0,200000,1600000,303.58,5.27045e+06
baseline,4,measured-control-b,sampler_write,8,external,1,200000,1600000,297.725,5.37409e+06
baseline,4,measured-control-b,sampler_write,8,external,2,200000,1600000,302.241,5.29379e+06
baseline,4,measured-control-b,sampler_write,8,external,3,200000,1600000,297.585,5.37662e+06
baseline,4,measured-control-b,sampler_write,8,external,4,200000,1600000,298.956,5.35196e+06
baseline,4,measured-control-b,sampler_write,8,external,5,200000,1600000,303.582,5.2704e+06
baseline,4,measured-control-b,sampler_write,8,external,6,200000,1600000,302.957,5.28127e+06
baseline,4,measured-control-b,mixed_write,1,external,0,300000,300000,6.7852,4.42139e+07
baseline,4,measured-control-b,mixed_write,1,direct,0,300000,300000,5.4588,5.49571e+07
baseline,4,measured-control-b,mixed_write,1,external,1,300000,300000,6.956,4.31282e+07
baseline,4,measured-control-b,mixed_write,1,direct,1,300000,300000,5.318,5.64122e+07
baseline,4,measured-control-b,mixed_write,1,external,2,300000,300000,6.9453,4.31947e+07
baseline,4,measured-control-b,mixed_write,1,direct,2,300000,300000,5.2921,5.66883e+07
baseline,4,measured-control-b,mixed_write,1,external,3,300000,300000,7.0264,4.26961e+07
baseline,4,measured-control-b,mixed_write,1,direct,3,300000,300000,5.3882,5.56772e+07
baseline,4,measured-control-b,mixed_write,1,external,4,300000,300000,7.2023,4.16534e+07
baseline,4,measured-control-b,mixed_write,1,direct,4,300000,300000,5.2356,5.73e+07
baseline,4,measured-control-b,mixed_write,1,external,5,300000,300000,7.3232,4.09657e+07
baseline,4,measured-control-b,mixed_write,1,direct,5,300000,300000,6.2296,4.81572e+07
baseline,4,measured-control-b,mixed_write,1,external,6,300000,300000,7.2249,4.15231e+07
baseline,4,measured-control-b,mixed_write,1,direct,6,300000,300000,5.3962,5.55947e+07
baseline,4,measured-control-b,mixed_write,2,external,0,300000,600000,50.7033,1.18335e+07
baseline,4,measured-control-b,mixed_write,2,external,1,300000,600000,52.1087,1.15144e+07
baseline,4,measured-control-b,mixed_write,2,external,2,300000,600000,46.5832,1.28802e+07
baseline,4,measured-control-b,mixed_write,2,external,3,300000,600000,55.074,1.08944e+07
baseline,4,measured-control-b,mixed_write,2,external,4,300000,600000,57.5329,1.04288e+07
baseline,4,measured-control-b,mixed_write,2,external,5,300000,600000,68.8678,8.71234e+06
baseline,4,measured-control-b,mixed_write,2,external,6,300000,600000,50.4365,1.18961e+07
baseline,4,measured-control-b,mixed_write,4,external,0,300000,1200000,118.712,1.01085e+07
baseline,4,measured-control-b,mixed_write,4,external,1,300000,1200000,110.196,1.08896e+07
baseline,4,measured-control-b,mixed_write,4,external,2,300000,1200000,117.382,1.0223e+07
baseline,4,measured-control-b,mixed_write,4,external,3,300000,1200000,125.683,9.54781e+06
baseline,4,measured-control-b,mixed_write,4,external,4,300000,1200000,127.281,9.42797e+06
baseline,4,measured-control-b,mixed_write,4,external,5,300000,1200000,122.832,9.76942e+06
baseline,4,measured-control-b,mixed_write,4,external,6,300000,1200000,111.06,1.0805e+07
baseline,4,measured-control-b,mixed_write,8,external,0,300000,2400000,295.321,8.12674e+06
baseline,4,measured-control-b,mixed_write,8,external,1,300000,2400000,278.686,8.61184e+06
baseline,4,measured-control-b,mixed_write,8,external,2,300000,2400000,276.323,8.6855e+06
baseline,4,measured-control-b,mixed_write,8,external,3,300000,2400000,279.333,8.5919e+06
baseline,4,measured-control-b,mixed_write,8,external,4,300000,2400000,277.054,8.66258e+06
baseline,4,measured-control-b,mixed_write,8,external,5,300000,2400000,268.932,8.9242e+06
baseline,4,measured-control-b,mixed_write,8,external,6,300000,2400000,280.863,8.54509e+06
