run,workload,bytes_per_request,threads,mode,sample,requests,elapsed_ms,requests_per_second
long-0,stage_only,64,1,baseline,0,32768,9.6545,3.39406e+06
long-0,stage_only,64,1,baseline,1,32768,9.692,3.38093e+06
long-0,stage_only,64,1,baseline,2,32768,10.5045,3.11943e+06
long-0,stage_only,64,1,baseline,3,32768,10.2918,3.18389e+06
long-0,stage_only,64,1,baseline,4,32768,10.0787,3.25121e+06
long-0,stage_only,64,1,baseline,5,32768,10.0131,3.27251e+06
long-0,stage_only,64,1,baseline,6,32768,9.6808,3.38484e+06
long-0,stage_only,64,2,baseline,0,65536,21.4973,3.04857e+06
long-0,stage_only,64,2,baseline,1,65536,20.9927,3.12185e+06
long-0,stage_only,64,2,baseline,2,65536,23.5464,2.78327e+06
long-0,stage_only,64,2,baseline,3,65536,20.7046,3.16529e+06
long-0,stage_only,64,2,baseline,4,65536,21.2376,3.08585e+06
long-0,stage_only,64,2,baseline,5,65536,21.4393,3.05682e+06
long-0,stage_only,64,2,baseline,6,65536,20.8463,3.14377e+06
long-0,stage_only,64,4,baseline,0,131072,47.3063,2.77071e+06
long-0,stage_only,64,4,baseline,1,131072,48.2775,2.71497e+06
long-0,stage_only,64,4,baseline,2,131072,47.7321,2.74599e+06
long-0,stage_only,64,4,baseline,3,131072,47.7323,2.74598e+06
long-0,stage_only,64,4,baseline,4,131072,46.7482,2.80379e+06
long-0,stage_only,64,4,baseline,5,131072,47.5018,2.75931e+06
long-0,stage_only,64,4,baseline,6,131072,48.6967,2.6916e+06
long-0,stage_only,64,8,baseline,0,262144,94.2811,2.78045e+06
long-0,stage_only,64,8,baseline,1,262144,95.8581,2.73471e+06
long-0,stage_only,64,8,baseline,2,262144,95.2818,2.75125e+06
long-0,stage_only,64,8,baseline,3,262144,94.9022,2.76225e+06
long-0,stage_only,64,8,baseline,4,262144,95.4601,2.74611e+06
long-0,stage_only,64,8,baseline,5,262144,95.8596,2.73467e+06
long-0,stage_only,64,8,baseline,6,262144,94.2082,2.7826e+06
long-0,stage_only,4096,1,baseline,0,8192,2.8256,2.89921e+06
long-0,stage_only,4096,1,baseline,1,8192,2.8275,2.89726e+06
long-0,stage_only,4096,1,baseline,2,8192,2.8283,2.89644e+06
long-0,stage_only,4096,1,baseline,3,8192,2.8458,2.87863e+06
long-0,stage_only,4096,1,baseline,4,8192,2.855,2.86935e+06
long-0,stage_only,4096,1,baseline,5,8192,2.8368,2.88776e+06
long-0,stage_only,4096,1,baseline,6,8192,2.8287,2.89603e+06
long-0,stage_only,4096,2,baseline,0,16384,5.9582,2.74982e+06
long-0,stage_only,4096,2,baseline,1,16384,6.2763,2.61046e+06
long-0,stage_only,4096,2,baseline,2,16384,5.9835,2.7382e+06
long-0,stage_only,4096,2,baseline,3,16384,6.1021,2.68498e+06
long-0,stage_only,4096,2,baseline,4,16384,6.6204,2.47477e+06
long-0,stage_only,4096,2,baseline,5,16384,6.0099,2.72617e+06
long-0,stage_only,4096,2,baseline,6,16384,6.2264,2.63138e+06
long-0,stage_only,4096,4,baseline,0,32768,13.0176,2.51721e+06
long-0,stage_only,4096,4,baseline,1,32768,13.0165,2.51742e+06
long-0,stage_only,4096,4,baseline,2,32768,12.7048,2.57918e+06
long-0,stage_only,4096,4,baseline,3,32768,13.073,2.50654e+06
long-0,stage_only,4096,4,baseline,4,32768,13.2403,2.47487e+06
long-0,stage_only,4096,4,baseline,5,32768,12.9793,2.52464e+06
long-0,stage_only,4096,4,baseline,6,32768,12.5387,2.61335e+06
long-0,stage_only,4096,8,baseline,0,65536,26.2951,2.49233e+06
long-0,stage_only,4096,8,baseline,1,65536,26.011,2.51955e+06
long-0,stage_only,4096,8,baseline,2,65536,26.6491,2.45922e+06
long-0,stage_only,4096,8,baseline,3,65536,27.1148,2.41698e+06
long-0,stage_only,4096,8,baseline,4,65536,26.6324,2.46076e+06
long-0,stage_only,4096,8,baseline,5,65536,26.7613,2.44891e+06
long-0,stage_only,4096,8,baseline,6,65536,28.0647,2.33518e+06
long-0,stage_record_16,64,1,baseline,0,32768,13.173,2.48751e+06
long-0,stage_record_16,64,1,baseline,1,32768,14.4557,2.26679e+06
long-0,stage_record_16,64,1,baseline,2,32768,14.9684,2.18915e+06
long-0,stage_record_16,64,1,baseline,3,32768,13.3881,2.44755e+06
long-0,stage_record_16,64,1,baseline,4,32768,14.2825,2.29428e+06
long-0,stage_record_16,64,1,baseline,5,32768,13.5055,2.42627e+06
long-0,stage_record_16,64,1,baseline,6,32768,14.217,2.30485e+06
long-0,stage_record_16,64,2,baseline,0,65536,37.3821,1.75314e+06
long-0,stage_record_16,64,2,baseline,1,65536,33.801,1.93888e+06
long-0,stage_record_16,64,2,baseline,2,65536,37.3652,1.75393e+06
long-0,stage_record_16,64,2,baseline,3,65536,34.4989,1.89965e+06
long-0,stage_record_16,64,2,baseline,4,65536,37.8261,1.73256e+06
long-0,stage_record_16,64,2,baseline,5,65536,38.0783,1.72109e+06
long-0,stage_record_16,64,2,baseline,6,65536,34.4471,1.90251e+06
long-0,stage_record_16,64,4,baseline,0,131072,73.5527,1.78201e+06
long-0,stage_record_16,64,4,baseline,1,131072,71.9599,1.82146e+06
long-0,stage_record_16,64,4,baseline,2,131072,71.6001,1.83061e+06
long-0,stage_record_16,64,4,baseline,3,131072,72.224,1.8148e+06
long-0,stage_record_16,64,4,baseline,4,131072,73.4854,1.78365e+06
long-0,stage_record_16,64,4,baseline,5,131072,74.1246,1.76827e+06
long-0,stage_record_16,64,4,baseline,6,131072,69.5795,1.88377e+06
long-0,stage_record_16,64,8,baseline,0,262144,150.284,1.74432e+06
long-0,stage_record_16,64,8,baseline,1,262144,142.746,1.83643e+06
long-0,stage_record_16,64,8,baseline,2,262144,148.853,1.7611e+06
long-0,stage_record_16,64,8,baseline,3,262144,145.536,1.80123e+06
long-0,stage_record_16,64,8,baseline,4,262144,145.608,1.80034e+06
long-0,stage_record_16,64,8,baseline,5,262144,145.877,1.79702e+06
long-0,stage_record_16,64,8,baseline,6,262144,149.521,1.75323e+06
long-0,stage_record_16,4096,1,baseline,0,8192,4.1602,1.96914e+06
long-0,stage_record_16,4096,1,baseline,1,8192,4.0639,2.0158e+06
long-0,stage_record_16,4096,1,baseline,2,8192,3.8764,2.1133e+06
long-0,stage_record_16,4096,1,baseline,3,8192,3.7223,2.20079e+06
long-0,stage_record_16,4096,1,baseline,4,8192,3.8576,2.1236e+06
long-0,stage_record_16,4096,1,baseline,5,8192,4.1372,1.98008e+06
long-0,stage_record_16,4096,1,baseline,6,8192,4.1481,1.97488e+06
long-0,stage_record_16,4096,2,baseline,0,16384,8.9414,1.83238e+06
long-0,stage_record_16,4096,2,baseline,1,16384,9.0482,1.81075e+06
long-0,stage_record_16,4096,2,baseline,2,16384,9.06,1.80839e+06
long-0,stage_record_16,4096,2,baseline,3,16384,9.1696,1.78677e+06
long-0,stage_record_16,4096,2,baseline,4,16384,8.6564,1.8927e+06
long-0,stage_record_16,4096,2,baseline,5,16384,9.6266,1.70195e+06
long-0,stage_record_16,4096,2,baseline,6,16384,9.4391,1.73576e+06
long-0,stage_record_16,4096,4,baseline,0,32768,18.5544,1.76605e+06
long-0,stage_record_16,4096,4,baseline,1,32768,18.3334,1.78734e+06
long-0,stage_record_16,4096,4,baseline,2,32768,18.582,1.76343e+06
long-0,stage_record_16,4096,4,baseline,3,32768,18.7876,1.74413e+06
long-0,stage_record_16,4096,4,baseline,4,32768,18.598,1.76191e+06
long-0,stage_record_16,4096,4,baseline,5,32768,18.4257,1.77839e+06
long-0,stage_record_16,4096,4,baseline,6,32768,18.1945,1.80098e+06
long-0,stage_record_16,4096,8,baseline,0,65536,38.4791,1.70316e+06
long-0,stage_record_16,4096,8,baseline,1,65536,40.0304,1.63716e+06
long-0,stage_record_16,4096,8,baseline,2,65536,38.2343,1.71406e+06
long-0,stage_record_16,4096,8,baseline,3,65536,40.7454,1.60843e+06
long-0,stage_record_16,4096,8,baseline,4,65536,39.0858,1.67672e+06
long-0,stage_record_16,4096,8,baseline,5,65536,40.5573,1.61589e+06
long-0,stage_record_16,4096,8,baseline,6,65536,38.2639,1.71274e+06
long-1,stage_only,64,1,batches,0,32768,10.3068,3.17926e+06
long-1,stage_only,64,1,batches,1,32768,9.7352,3.36593e+06
long-1,stage_only,64,1,batches,2,32768,10.4451,3.13716e+06
long-1,stage_only,64,1,batches,3,32768,10.0992,3.24461e+06
long-1,stage_only,64,1,batches,4,32768,9.9561,3.29125e+06
long-1,stage_only,64,1,batches,5,32768,9.8966,3.31104e+06
long-1,stage_only,64,1,batches,6,32768,9.7145,3.3731e+06
long-1,stage_only,64,2,batches,0,65536,21.8806,2.99516e+06
long-1,stage_only,64,2,batches,1,65536,22.4433,2.92007e+06
long-1,stage_only,64,2,batches,2,65536,23.3946,2.80133e+06
long-1,stage_only,64,2,batches,3,65536,23.0087,2.84831e+06
long-1,stage_only,64,2,batches,4,65536,20.9854,3.12293e+06
long-1,stage_only,64,2,batches,5,65536,22.1161,2.96327e+06
long-1,stage_only,64,2,batches,6,65536,21.5494,3.0412e+06
long-1,stage_only,64,4,batches,0,131072,66.47,1.9719e+06
long-1,stage_only,64,4,batches,1,131072,54.1307,2.4214e+06
long-1,stage_only,64,4,batches,2,131072,49.6896,2.63782e+06
long-1,stage_only,64,4,batches,3,131072,51.8213,2.52931e+06
long-1,stage_only,64,4,batches,4,131072,47.2021,2.77683e+06
long-1,stage_only,64,4,batches,5,131072,44.8377,2.92325e+06
long-1,stage_only,64,4,batches,6,131072,47.9357,2.73433e+06
long-1,stage_only,64,8,batches,0,262144,127.145,2.06177e+06
long-1,stage_only,64,8,batches,1,262144,100.214,2.61585e+06
long-1,stage_only,64,8,batches,2,262144,102.791,2.55027e+06
long-1,stage_only,64,8,batches,3,262144,105.591,2.48265e+06
long-1,stage_only,64,8,batches,4,262144,100.239,2.6152e+06
long-1,stage_only,64,8,batches,5,262144,100.049,2.62015e+06
long-1,stage_only,64,8,batches,6,262144,97.0515,2.70108e+06
long-1,stage_only,4096,1,batches,0,8192,2.9856,2.74384e+06
long-1,stage_only,4096,1,batches,1,8192,3.0465,2.68899e+06
long-1,stage_only,4096,1,batches,2,8192,2.9052,2.81977e+06
long-1,stage_only,4096,1,batches,3,8192,2.8875,2.83706e+06
long-1,stage_only,4096,1,batches,4,8192,3.023,2.70989e+06
long-1,stage_only,4096,1,batches,5,8192,3.0566,2.6801e+06
long-1,stage_only,4096,1,batches,6,8192,2.8574,2.86694e+06
long-1,stage_only,4096,2,batches,0,16384,7.6503,2.14162e+06
long-1,stage_only,4096,2,batches,1,16384,8.0647,2.03157e+06
long-1,stage_only,4096,2,batches,2,16384,7.0693,2.31763e+06
long-1,stage_only,4096,2,batches,3,16384,6.677,2.4538e+06
long-1,stage_only,4096,2,batches,4,16384,6.3208,2.59208e+06
long-1,stage_only,4096,2,batches,5,16384,7.3291,2.23547e+06
long-1,stage_only,4096,2,batches,6,16384,11.8194,1.3862e+06
long-1,stage_only,4096,4,batches,0,32768,16.0997,2.03532e+06
long-1,stage_only,4096,4,batches,1,32768,14.9476,2.19219e+06
long-1,stage_only,4096,4,batches,2,32768,14.0559,2.33126e+06
long-1,stage_only,4096,4,batches,3,32768,14.1474,2.31619e+06
long-1,stage_only,4096,4,batches,4,32768,14.0526,2.33181e+06
long-1,stage_only,4096,4,batches,5,32768,14.6359,2.23888e+06
long-1,stage_only,4096,4,batches,6,32768,14.6539,2.23613e+06
long-1,stage_only,4096,8,batches,0,65536,28.2741,2.31788e+06
long-1,stage_only,4096,8,batches,1,65536,27.7585,2.36093e+06
long-1,stage_only,4096,8,batches,2,65536,28.1203,2.33056e+06
long-1,stage_only,4096,8,batches,3,65536,27.7272,2.3636e+06
long-1,stage_only,4096,8,batches,4,65536,27.6807,2.36757e+06
long-1,stage_only,4096,8,batches,5,65536,28.0216,2.33877e+06
long-1,stage_only,4096,8,batches,6,65536,27.9203,2.34725e+06
long-1,stage_record_16,64,1,batches,0,32768,16.2458,2.01701e+06
long-1,stage_record_16,64,1,batches,1,32768,17.0039,1.92709e+06
long-1,stage_record_16,64,1,batches,2,32768,16.0112,2.04657e+06
long-1,stage_record_16,64,1,batches,3,32768,16.9162,1.93708e+06
long-1,stage_record_16,64,1,batches,4,32768,15.4106,2.12633e+06
long-1,stage_record_16,64,1,batches,5,32768,15.4225,2.12469e+06
long-1,stage_record_16,64,1,batches,6,32768,16.2945,2.01099e+06
long-1,stage_record_16,64,2,batches,0,65536,29.8887,2.19267e+06
long-1,stage_record_16,64,2,batches,1,65536,35.9195,1.82452e+06
long-1,stage_record_16,64,2,batches,2,65536,77.1112,849890
long-1,stage_record_16,64,2,batches,3,65536,62.6371,1.04628e+06
long-1,stage_record_16,64,2,batches,4,65536,38.9109,1.68426e+06
long-1,stage_record_16,64,2,batches,5,65536,34.2108,1.91565e+06
long-1,stage_record_16,64,2,batches,6,65536,38.962,1.68205e+06
long-1,stage_record_16,64,4,batches,0,131072,73.8997,1.77365e+06
long-1,stage_record_16,64,4,batches,1,131072,66.1863,1.98035e+06
long-1,stage_record_16,64,4,batches,2,131072,60.3558,2.17166e+06
long-1,stage_record_16,64,4,batches,3,131072,59.5535,2.20091e+06
long-1,stage_record_16,64,4,batches,4,131072,60.0204,2.18379e+06
long-1,stage_record_16,64,4,batches,5,131072,60.5981,2.16297e+06
long-1,stage_record_16,64,4,batches,6,131072,59.7582,2.19337e+06
long-1,stage_record_16,64,8,batches,0,262144,123.151,2.12863e+06
long-1,stage_record_16,64,8,batches,1,262144,123.679,2.11954e+06
long-1,stage_record_16,64,8,batches,2,262144,125.078,2.09585e+06
long-1,stage_record_16,64,8,batches,3,262144,124.595,2.10396e+06
long-1,stage_record_16,64,8,batches,4,262144,120.688,2.17207e+06
long-1,stage_record_16,64,8,batches,5,262144,120.981,2.16683e+06
long-1,stage_record_16,64,8,batches,6,262144,122.036,2.14808e+06
long-1,stage_record_16,4096,1,batches,0,8192,3.8766,2.11319e+06
long-1,stage_record_16,4096,1,batches,1,8192,4.0027,2.04662e+06
long-1,stage_record_16,4096,1,batches,2,8192,4.0686,2.01347e+06
long-1,stage_record_16,4096,1,batches,3,8192,3.9819,2.05731e+06
long-1,stage_record_16,4096,1,batches,4,8192,4.2205,1.941e+06
long-1,stage_record_16,4096,1,batches,5,8192,4.132,1.98258e+06
long-1,stage_record_16,4096,1,batches,6,8192,4.0003,2.04785e+06
long-1,stage_record_16,4096,2,batches,0,16384,8.1571,2.00856e+06
long-1,stage_record_16,4096,2,batches,1,16384,7.6289,2.14762e+06
long-1,stage_record_16,4096,2,batches,2,16384,7.8483,2.08759e+06
long-1,stage_record_16,4096,2,batches,3,16384,7.9312,2.06577e+06
long-1,stage_record_16,4096,2,batches,4,16384,7.7093,2.12523e+06
long-1,stage_record_16,4096,2,batches,5,16384,7.5455,2.17136e+06
long-1,stage_record_16,4096,2,batches,6,16384,8.04,2.03781e+06
long-1,stage_record_16,4096,4,batches,0,32768,15.6866,2.08892e+06
long-1,stage_record_16,4096,4,batches,1,32768,15.7543,2.07994e+06
long-1,stage_record_16,4096,4,batches,2,32768,15.624,2.09729e+06
long-1,stage_record_16,4096,4,batches,3,32768,15.7706,2.07779e+06
long-1,stage_record_16,4096,4,batches,4,32768,15.5704,2.10451e+06
long-1,stage_record_16,4096,4,batches,5,32768,15.6824,2.08948e+06
long-1,stage_record_16,4096,4,batches,6,32768,15.82,2.0713e+06
long-1,stage_record_16,4096,8,batches,0,65536,32.5249,2.01495e+06
long-1,stage_record_16,4096,8,batches,1,65536,34.7139,1.88789e+06
long-1,stage_record_16,4096,8,batches,2,65536,43.0719,1.52155e+06
long-1,stage_record_16,4096,8,batches,3,65536,44.4659,1.47385e+06
long-1,stage_record_16,4096,8,batches,4,65536,38.4443,1.7047e+06
long-1,stage_record_16,4096,8,batches,5,65536,45.3006,1.44669e+06
long-1,stage_record_16,4096,8,batches,6,65536,43.7384,1.49836e+06
long-2,stage_only,64,1,batches,0,32768,10.1495,3.22853e+06
long-2,stage_only,64,1,batches,1,32768,10.1249,3.23638e+06
long-2,stage_only,64,1,batches,2,32768,10.1209,3.23766e+06
long-2,stage_only,64,1,batches,3,32768,10.1453,3.22987e+06
long-2,stage_only,64,1,batches,4,32768,9.7185,3.37171e+06
long-2,stage_only,64,1,batches,5,32768,9.7721,3.35322e+06
long-2,stage_only,64,1,batches,6,32768,9.7188,3.37161e+06
long-2,stage_only,64,2,batches,0,65536,25.7658,2.54353e+06
long-2,stage_only,64,2,batches,1,65536,26.0475,2.51602e+06
long-2,stage_only,64,2,batches,2,65536,26.7302,2.45176e+06
long-2,stage_only,64,2,batches,3,65536,25.8727,2.53302e+06
long-2,stage_only,64,2,batches,4,65536,24.9951,2.62195e+06
long-2,stage_only,64,2,batches,5,65536,26.1722,2.50403e+06
long-2,stage_only,64,2,batches,6,65536,25.1517,2.60563e+06
long-2,stage_only,64,4,batches,0,131072,52.6197,2.49093e+06
long-2,stage_only,64,4,batches,1,131072,51.6285,2.53875e+06
long-2,stage_only,64,4,batches,2,131072,53.6873,2.4414e+06
long-2,stage_only,64,4,batches,3,131072,53.8105,2.43581e+06
long-2,stage_only,64,4,batches,4,131072,48.0424,2.72826e+06
long-2,stage_only,64,4,batches,5,131072,51.2819,2.55591e+06
long-2,stage_only,64,4,batches,6,131072,53.149,2.46612e+06
long-2,stage_only,64,8,batches,0,262144,98.6842,2.65639e+06
long-2,stage_only,64,8,batches,1,262144,99.7714,2.62745e+06
long-2,stage_only,64,8,batches,2,262144,100.017,2.62099e+06
long-2,stage_only,64,8,batches,3,262144,97.5974,2.68597e+06
long-2,stage_only,64,8,batches,4,262144,98.6854,2.65636e+06
long-2,stage_only,64,8,batches,5,262144,98.3272,2.66604e+06
long-2,stage_only,64,8,batches,6,262144,98.3233,2.66614e+06
long-2,stage_only,4096,1,batches,0,8192,2.5717,3.18544e+06
long-2,stage_only,4096,1,batches,1,8192,2.7319,2.99865e+06
long-2,stage_only,4096,1,batches,2,8192,2.5876,3.16587e+06
long-2,stage_only,4096,1,batches,3,8192,2.5326,3.23462e+06
long-2,stage_only,4096,1,batches,4,8192,2.5677,3.1904e+06
long-2,stage_only,4096,1,batches,5,8192,2.5396,3.2257e+06
long-2,stage_only,4096,1,batches,6,8192,2.6592,3.08063e+06
long-2,stage_only,4096,2,batches,0,16384,5.969,2.74485e+06
long-2,stage_only,4096,2,batches,1,16384,5.837,2.80692e+06
long-2,stage_only,4096,2,batches,2,16384,6.0881,2.69115e+06
long-2,stage_only,4096,2,batches,3,16384,6.1169,2.67848e+06
long-2,stage_only,4096,2,batches,4,16384,6.1831,2.6498e+06
long-2,stage_only,4096,2,batches,5,16384,6.0448,2.71043e+06
long-2,stage_only,4096,2,batches,6,16384,6.0794,2.695e+06
long-2,stage_only,4096,4,batches,0,32768,13.0957,2.5022e+06
long-2,stage_only,4096,4,batches,1,32768,13.2688,2.46955e+06
long-2,stage_only,4096,4,batches,2,32768,13.0194,2.51686e+06
long-2,stage_only,4096,4,batches,3,32768,12.7938,2.56124e+06
long-2,stage_only,4096,4,batches,4,32768,13.8646,2.36343e+06
long-2,stage_only,4096,4,batches,5,32768,13.0353,2.51379e+06
long-2,stage_only,4096,4,batches,6,32768,13.2003,2.48237e+06
long-2,stage_only,4096,8,batches,0,65536,26.455,2.47726e+06
long-2,stage_only,4096,8,batches,1,65536,26.4875,2.47422e+06
long-2,stage_only,4096,8,batches,2,65536,26.3063,2.49127e+06
long-2,stage_only,4096,8,batches,3,65536,26.58,2.46561e+06
long-2,stage_only,4096,8,batches,4,65536,26.3572,2.48646e+06
long-2,stage_only,4096,8,batches,5,65536,25.8527,2.53498e+06
long-2,stage_only,4096,8,batches,6,65536,25.5578,2.56423e+06
long-2,stage_record_16,64,1,batches,0,32768,13.8868,2.35965e+06
long-2,stage_record_16,64,1,batches,1,32768,13.6138,2.40697e+06
long-2,stage_record_16,64,1,batches,2,32768,13.6263,2.40476e+06
long-2,stage_record_16,64,1,batches,3,32768,13.625,2.40499e+06
long-2,stage_record_16,64,1,batches,4,32768,16.3327,2.00628e+06
long-2,stage_record_16,64,1,batches,5,32768,15.7842,2.076e+06
long-2,stage_record_16,64,1,batches,6,32768,15.8966,2.06132e+06
long-2,stage_record_16,64,2,batches,0,65536,28.3748,2.30966e+06
long-2,stage_record_16,64,2,batches,1,65536,27.1992,2.40948e+06
long-2,stage_record_16,64,2,batches,2,65536,27.4499,2.38748e+06
long-2,stage_record_16,64,2,batches,3,65536,27.7552,2.36122e+06
long-2,stage_record_16,64,2,batches,4,65536,28.0655,2.33511e+06
long-2,stage_record_16,64,2,batches,5,65536,26.295,2.49234e+06
long-2,stage_record_16,64,2,batches,6,65536,27.1027,2.41806e+06
long-2,stage_record_16,64,4,batches,0,131072,58.5648,2.23807e+06
long-2,stage_record_16,64,4,batches,1,131072,58.2406,2.25053e+06
long-2,stage_record_16,64,4,batches,2,131072,58.9087,2.225e+06
long-2,stage_record_16,64,4,batches,3,131072,58.4235,2.24348e+06
long-2,stage_record_16,64,4,batches,4,131072,58.9278,2.22428e+06
long-2,stage_record_16,64,4,batches,5,131072,58.9234,2.22445e+06
long-2,stage_record_16,64,4,batches,6,131072,58.5879,2.23719e+06
long-2,stage_record_16,64,8,batches,0,262144,124.521,2.10521e+06
long-2,stage_record_16,64,8,batches,1,262144,128.288,2.0434e+06
long-2,stage_record_16,64,8,batches,2,262144,138.088,1.89838e+06
long-2,stage_record_16,64,8,batches,3,262144,130.606,2.00714e+06
long-2,stage_record_16,64,8,batches,4,262144,134.092,1.95496e+06
long-2,stage_record_16,64,8,batches,5,262144,129.329,2.02696e+06
long-2,stage_record_16,64,8,batches,6,262144,125.042,2.09644e+06
long-2,stage_record_16,4096,1,batches,0,8192,3.7616,2.1778e+06
long-2,stage_record_16,4096,1,batches,1,8192,3.8015,2.15494e+06
long-2,stage_record_16,4096,1,batches,2,8192,4.0076,2.04412e+06
long-2,stage_record_16,4096,1,batches,3,8192,4.0103,2.04274e+06
long-2,stage_record_16,4096,1,batches,4,8192,3.7146,2.20535e+06
long-2,stage_record_16,4096,1,batches,5,8192,3.8051,2.1529e+06
long-2,stage_record_16,4096,1,batches,6,8192,3.8394,2.13367e+06
long-2,stage_record_16,4096,2,batches,0,16384,6.9674,2.35152e+06
long-2,stage_record_16,4096,2,batches,1,16384,7.5213,2.17835e+06
long-2,stage_record_16,4096,2,batches,2,16384,7.3968,2.21501e+06
long-2,stage_record_16,4096,2,batches,3,16384,7.5234,2.17774e+06
long-2,stage_record_16,4096,2,batches,4,16384,7.1588,2.28865e+06
long-2,stage_record_16,4096,2,batches,5,16384,7.1331,2.2969e+06
long-2,stage_record_16,4096,2,batches,6,16384,7.1459,2.29278e+06
long-2,stage_record_16,4096,4,batches,0,32768,15.5826,2.10286e+06
long-2,stage_record_16,4096,4,batches,1,32768,15.6599,2.09248e+06
long-2,stage_record_16,4096,4,batches,2,32768,15.5817,2.10298e+06
long-2,stage_record_16,4096,4,batches,3,32768,15.7098,2.08583e+06
long-2,stage_record_16,4096,4,batches,4,32768,15.7887,2.07541e+06
long-2,stage_record_16,4096,4,batches,5,32768,15.7416,2.08162e+06
long-2,stage_record_16,4096,4,batches,6,32768,15.5733,2.10411e+06
long-2,stage_record_16,4096,8,batches,0,65536,33.3064,1.96767e+06
long-2,stage_record_16,4096,8,batches,1,65536,32.9516,1.98886e+06
long-2,stage_record_16,4096,8,batches,2,65536,33.8509,1.93602e+06
long-2,stage_record_16,4096,8,batches,3,65536,34.2895,1.91126e+06
long-2,stage_record_16,4096,8,batches,4,65536,33.869,1.93498e+06
long-2,stage_record_16,4096,8,batches,5,65536,33.3444,1.96543e+06
long-2,stage_record_16,4096,8,batches,6,65536,33.0846,1.98086e+06
long-3,stage_only,64,1,baseline,0,32768,9.795,3.34538e+06
long-3,stage_only,64,1,baseline,1,32768,9.963,3.28897e+06
long-3,stage_only,64,1,baseline,2,32768,10.0411,3.26339e+06
long-3,stage_only,64,1,baseline,3,32768,10.2742,3.18935e+06
long-3,stage_only,64,1,baseline,4,32768,9.7692,3.35422e+06
long-3,stage_only,64,1,baseline,5,32768,9.6314,3.40221e+06
long-3,stage_only,64,1,baseline,6,32768,9.7572,3.35834e+06
long-3,stage_only,64,2,baseline,0,65536,22.6248,2.89664e+06
long-3,stage_only,64,2,baseline,1,65536,21.6242,3.03068e+06
long-3,stage_only,64,2,baseline,2,65536,23.0712,2.8406e+06
long-3,stage_only,64,2,baseline,3,65536,22.2962,2.93933e+06
long-3,stage_only,64,2,baseline,4,65536,21.423,3.05914e+06
long-3,stage_only,64,2,baseline,5,65536,21.1213,3.10284e+06
long-3,stage_only,64,2,baseline,6,65536,21.505,3.04748e+06
long-3,stage_only,64,4,baseline,0,131072,46.851,2.79764e+06
long-3,stage_only,64,4,baseline,1,131072,47.3197,2.76992e+06
long-3,stage_only,64,4,baseline,2,131072,47.7483,2.74506e+06
long-3,stage_only,64,4,baseline,3,131072,46.6084,2.8122e+06
long-3,stage_only,64,4,baseline,4,131072,47.5478,2.75664e+06
long-3,stage_only,64,4,baseline,5,131072,46.7083,2.80618e+06
long-3,stage_only,64,4,baseline,6,131072,47.1072,2.78242e+06
long-3,stage_only,64,8,baseline,0,262144,94.1362,2.78473e+06
long-3,stage_only,64,8,baseline,1,262144,95.6389,2.74098e+06
long-3,stage_only,64,8,baseline,2,262144,95.0485,2.758e+06
long-3,stage_only,64,8,baseline,3,262144,94.9767,2.76009e+06
long-3,stage_only,64,8,baseline,4,262144,94.259,2.7811e+06
long-3,stage_only,64,8,baseline,5,262144,92.3583,2.83834e+06
long-3,stage_only,64,8,baseline,6,262144,95.4624,2.74604e+06
long-3,stage_only,4096,1,baseline,0,8192,2.6678,3.07069e+06
long-3,stage_only,4096,1,baseline,1,8192,2.5575,3.20313e+06
long-3,stage_only,4096,1,baseline,2,8192,2.5609,3.19888e+06
long-3,stage_only,4096,1,baseline,3,8192,2.7859,2.94052e+06
long-3,stage_only,4096,1,baseline,4,8192,2.6033,3.14678e+06
long-3,stage_only,4096,1,baseline,5,8192,2.7711,2.95623e+06
long-3,stage_only,4096,1,baseline,6,8192,2.4831,3.2991e+06
long-3,stage_only,4096,2,baseline,0,16384,6.0732,2.69775e+06
long-3,stage_only,4096,2,baseline,1,16384,6.2617,2.61654e+06
long-3,stage_only,4096,2,baseline,2,16384,5.8008,2.82444e+06
long-3,stage_only,4096,2,baseline,3,16384,6.061,2.70318e+06
long-3,stage_only,4096,2,baseline,4,16384,5.717,2.86584e+06
long-3,stage_only,4096,2,baseline,5,16384,6.3168,2.59372e+06
long-3,stage_only,4096,2,baseline,6,16384,6.3195,2.59261e+06
long-3,stage_only,4096,4,baseline,0,32768,14.0644,2.32985e+06
long-3,stage_only,4096,4,baseline,1,32768,14.6385,2.23848e+06
long-3,stage_only,4096,4,baseline,2,32768,14.8135,2.21204e+06
long-3,stage_only,4096,4,baseline,3,32768,14.6191,2.24145e+06
long-3,stage_only,4096,4,baseline,4,32768,18.2205,1.79841e+06
long-3,stage_only,4096,4,baseline,5,32768,14.6354,2.23895e+06
long-3,stage_only,4096,4,baseline,6,32768,14.5007,2.25975e+06
long-3,stage_only,4096,8,baseline,0,65536,28.9383,2.26468e+06
long-3,stage_only,4096,8,baseline,1,65536,30.4512,2.15216e+06
long-3,stage_only,4096,8,baseline,2,65536,63.6878,1.02902e+06
long-3,stage_only,4096,8,baseline,3,65536,29.6311,2.21173e+06
long-3,stage_only,4096,8,baseline,4,65536,29.3295,2.23447e+06
long-3,stage_only,4096,8,baseline,5,65536,31.1993,2.10056e+06
long-3,stage_only,4096,8,baseline,6,65536,27.4967,2.38341e+06
long-3,stage_record_16,64,1,baseline,0,32768,25.3944,1.29036e+06
long-3,stage_record_16,64,1,baseline,1,32768,22.2752,1.47105e+06
long-3,stage_record_16,64,1,baseline,2,32768,28.6034,1.1456e+06
long-3,stage_record_16,64,1,baseline,3,32768,26.7877,1.22325e+06
long-3,stage_record_16,64,1,baseline,4,32768,39.8723,821824
long-3,stage_record_16,64,1,baseline,5,32768,25.4061,1.28977e+06
long-3,stage_record_16,64,1,baseline,6,32768,27.1873,1.20527e+06
long-3,stage_record_16,64,2,baseline,0,65536,35.1672,1.86355e+06
long-3,stage_record_16,64,2,baseline,1,65536,32.9428,1.98939e+06
long-3,stage_record_16,64,2,baseline,2,65536,37.2052,1.76147e+06
long-3,stage_record_16,64,2,baseline,3,65536,43.4345,1.50885e+06
long-3,stage_record_16,64,2,baseline,4,65536,40.7667,1.60759e+06
long-3,stage_record_16,64,2,baseline,5,65536,36.694,1.78601e+06
long-3,stage_record_16,64,2,baseline,6,65536,36.6043,1.79039e+06
long-3,stage_record_16,64,4,baseline,0,131072,78.1218,1.67779e+06
long-3,stage_record_16,64,4,baseline,1,131072,73.5853,1.78123e+06
long-3,stage_record_16,64,4,baseline,2,131072,82.5291,1.58819e+06
long-3,stage_record_16,64,4,baseline,3,131072,73.7437,1.7774e+06
long-3,stage_record_16,64,4,baseline,4,131072,78.2787,1.67443e+06
long-3,stage_record_16,64,4,baseline,5,131072,78.7719,1.66394e+06
long-3,stage_record_16,64,4,baseline,6,131072,82.6068,1.5867e+06
long-3,stage_record_16,64,8,baseline,0,262144,144.661,1.81212e+06
long-3,stage_record_16,64,8,baseline,1,262144,148.116,1.76986e+06
long-3,stage_record_16,64,8,baseline,2,262144,148.633,1.7637e+06
long-3,stage_record_16,64,8,baseline,3,262144,150.652,1.74007e+06
long-3,stage_record_16,64,8,baseline,4,262144,147.169,1.78124e+06
long-3,stage_record_16,64,8,baseline,5,262144,142.441,1.84036e+06
long-3,stage_record_16,64,8,baseline,6,262144,133.321,1.96626e+06
long-3,stage_record_16,4096,1,baseline,0,8192,5.4982,1.48994e+06
long-3,stage_record_16,4096,1,baseline,1,8192,4.3871,1.86729e+06
long-3,stage_record_16,4096,1,baseline,2,8192,7.4902,1.0937e+06
long-3,stage_record_16,4096,1,baseline,3,8192,6.0889,1.3454e+06
long-3,stage_record_16,4096,1,baseline,4,8192,11.6403,703762
long-3,stage_record_16,4096,1,baseline,5,8192,6.5578,1.2492e+06
long-3,stage_record_16,4096,1,baseline,6,8192,6.19,1.32342e+06
long-3,stage_record_16,4096,2,baseline,0,16384,10.3376,1.58489e+06
long-3,stage_record_16,4096,2,baseline,1,16384,9.7477,1.68081e+06
long-3,stage_record_16,4096,2,baseline,2,16384,9.2441,1.77237e+06
long-3,stage_record_16,4096,2,baseline,3,16384,9.5394,1.71751e+06
long-3,stage_record_16,4096,2,baseline,4,16384,9.1822,1.78432e+06
long-3,stage_record_16,4096,2,baseline,5,16384,9.5623,1.7134e+06
long-3,stage_record_16,4096,2,baseline,6,16384,9.6084,1.70517e+06
long-3,stage_record_16,4096,4,baseline,0,32768,19.3006,1.69777e+06
long-3,stage_record_16,4096,4,baseline,1,32768,19.6284,1.66942e+06
long-3,stage_record_16,4096,4,baseline,2,32768,18.1096,1.80943e+06
long-3,stage_record_16,4096,4,baseline,3,32768,18.1649,1.80392e+06
long-3,stage_record_16,4096,4,baseline,4,32768,18.6845,1.75375e+06
long-3,stage_record_16,4096,4,baseline,5,32768,17.934,1.82714e+06
long-3,stage_record_16,4096,4,baseline,6,32768,17.3284,1.891e+06
long-3,stage_record_16,4096,8,baseline,0,65536,39.586,1.65553e+06
long-3,stage_record_16,4096,8,baseline,1,65536,40.1827,1.63095e+06
long-3,stage_record_16,4096,8,baseline,2,65536,39.3566,1.66518e+06
long-3,stage_record_16,4096,8,baseline,3,65536,36.5851,1.79133e+06
long-3,stage_record_16,4096,8,baseline,4,65536,37.4141,1.75164e+06
long-3,stage_record_16,4096,8,baseline,5,65536,36.8753,1.77723e+06
long-3,stage_record_16,4096,8,baseline,6,65536,37.3595,1.7542e+06
long-4,stage_only,64,1,batches,0,32768,10.5088,3.11815e+06
long-4,stage_only,64,1,batches,1,32768,10.0757,3.25218e+06
long-4,stage_only,64,1,batches,2,32768,11.6952,2.80183e+06
long-4,stage_only,64,1,batches,3,32768,10.7565,3.04634e+06
long-4,stage_only,64,1,batches,4,32768,11.2921,2.90185e+06
long-4,stage_only,64,1,batches,5,32768,11.5192,2.84464e+06
long-4,stage_only,64,1,batches,6,32768,10.8683,3.01501e+06
long-4,stage_only,64,2,batches,0,65536,22.9652,2.85371e+06
long-4,stage_only,64,2,batches,1,65536,22.4418,2.92026e+06
long-4,stage_only,64,2,batches,2,65536,22.9853,2.85121e+06
long-4,stage_only,64,2,batches,3,65536,23.3485,2.80686e+06
long-4,stage_only,64,2,batches,4,65536,21.9432,2.98662e+06
long-4,stage_only,64,2,batches,5,65536,22.2684,2.943e+06
long-4,stage_only,64,2,batches,6,65536,23.8611,2.74656e+06
long-4,stage_only,64,4,batches,0,131072,48.2,2.71934e+06
long-4,stage_only,64,4,batches,1,131072,50.0136,2.62073e+06
long-4,stage_only,64,4,batches,2,131072,49.522,2.64674e+06
long-4,stage_only,64,4,batches,3,131072,47.6447,2.75103e+06
long-4,stage_only,64,4,batches,4,131072,46.7162,2.80571e+06
long-4,stage_only,64,4,batches,5,131072,48.4486,2.70538e+06
long-4,stage_only,64,4,batches,6,131072,49.5872,2.64326e+06
long-4,stage_only,64,8,batches,0,262144,102.164,2.56592e+06
long-4,stage_only,64,8,batches,1,262144,117.861,2.22418e+06
long-4,stage_only,64,8,batches,2,262144,107.582,2.43668e+06
long-4,stage_only,64,8,batches,3,262144,104.933,2.49819e+06
long-4,stage_only,64,8,batches,4,262144,97.7164,2.6827e+06
long-4,stage_only,64,8,batches,5,262144,103.084,2.543e+06
long-4,stage_only,64,8,batches,6,262144,105.002,2.49656e+06
long-4,stage_only,4096,1,batches,0,8192,5.1376,1.59452e+06
long-4,stage_only,4096,1,batches,1,8192,17.1194,478521
long-4,stage_only,4096,1,batches,2,8192,3.399,2.41012e+06
long-4,stage_only,4096,1,batches,3,8192,6.3954,1.28092e+06
long-4,stage_only,4096,1,batches,4,8192,5.7658,1.42079e+06
long-4,stage_only,4096,1,batches,5,8192,6.9908,1.17183e+06
long-4,stage_only,4096,1,batches,6,8192,7.8063,1.04941e+06
long-4,stage_only,4096,2,batches,0,16384,9.8361,1.6657e+06
long-4,stage_only,4096,2,batches,1,16384,8.3272,1.96753e+06
long-4,stage_only,4096,2,batches,2,16384,7.5466,2.17104e+06
long-4,stage_only,4096,2,batches,3,16384,6.898,2.37518e+06
long-4,stage_only,4096,2,batches,4,16384,7.3546,2.22772e+06
long-4,stage_only,4096,2,batches,5,16384,9.0364,1.81311e+06
long-4,stage_only,4096,2,batches,6,16384,9.028,1.8148e+06
long-4,stage_only,4096,4,batches,0,32768,23.9728,1.36688e+06
long-4,stage_only,4096,4,batches,1,32768,15.1923,2.15688e+06
long-4,stage_only,4096,4,batches,2,32768,16.8247,1.94761e+06
long-4,stage_only,4096,4,batches,3,32768,15.3108,2.14019e+06
long-4,stage_only,4096,4,batches,4,32768,19.101,1.71551e+06
long-4,stage_only,4096,4,batches,5,32768,14.3134,2.28932e+06
long-4,stage_only,4096,4,batches,6,32768,27.0675,1.2106e+06
long-4,stage_only,4096,8,batches,0,65536,35.7341,1.83399e+06
long-4,stage_only,4096,8,batches,1,65536,30.1651,2.17258e+06
long-4,stage_only,4096,8,batches,2,65536,30.4281,2.1538e+06
long-4,stage_only,4096,8,batches,3,65536,46.4184,1.41185e+06
long-4,stage_only,4096,8,batches,4,65536,34.1894,1.91685e+06
long-4,stage_only,4096,8,batches,5,65536,29.1047,2.25173e+06
long-4,stage_only,4096,8,batches,6,65536,29.3085,2.23607e+06
long-4,stage_record_16,64,1,batches,0,32768,27.1204,1.20824e+06
long-4,stage_record_16,64,1,batches,1,32768,17.8494,1.8358e+06
long-4,stage_record_16,64,1,batches,2,32768,18.9793,1.72651e+06
long-4,stage_record_16,64,1,batches,3,32768,30.8462,1.0623e+06
long-4,stage_record_16,64,1,batches,4,32768,80.9667,404710
long-4,stage_record_16,64,1,batches,5,32768,26.3681,1.24271e+06
long-4,stage_record_16,64,1,batches,6,32768,29.9267,1.09494e+06
long-4,stage_record_16,64,2,batches,0,65536,33.5808,1.95159e+06
long-4,stage_record_16,64,2,batches,1,65536,70.9175,924116
long-4,stage_record_16,64,2,batches,2,65536,33.0276,1.98428e+06
long-4,stage_record_16,64,2,batches,3,65536,33.1872,1.97474e+06
long-4,stage_record_16,64,2,batches,4,65536,33.3417,1.96559e+06
long-4,stage_record_16,64,2,batches,5,65536,39.6983,1.65085e+06
long-4,stage_record_16,64,2,batches,6,65536,30.2881,2.16375e+06
long-4,stage_record_16,64,4,batches,0,131072,59.8869,2.18866e+06
long-4,stage_record_16,64,4,batches,1,131072,59.0115,2.22113e+06
long-4,stage_record_16,64,4,batches,2,131072,60.4237,2.16922e+06
long-4,stage_record_16,64,4,batches,3,131072,60.1459,2.17923e+06
long-4,stage_record_16,64,4,batches,4,131072,61.7715,2.12188e+06
long-4,stage_record_16,64,4,batches,5,131072,60.9009,2.15222e+06
long-4,stage_record_16,64,4,batches,6,131072,62.5953,2.09396e+06
long-4,stage_record_16,64,8,batches,0,262144,139.005,1.88586e+06
long-4,stage_record_16,64,8,batches,1,262144,132.468,1.97893e+06
long-4,stage_record_16,64,8,batches,2,262144,132.67,1.97591e+06
long-4,stage_record_16,64,8,batches,3,262144,132.459,1.97907e+06
long-4,stage_record_16,64,8,batches,4,262144,131.998,1.98597e+06
long-4,stage_record_16,64,8,batches,5,262144,129.403,2.02579e+06
long-4,stage_record_16,64,8,batches,6,262144,131.215,1.99781e+06
long-4,stage_record_16,4096,1,batches,0,8192,3.9202,2.08969e+06
long-4,stage_record_16,4096,1,batches,1,8192,3.8714,2.11603e+06
long-4,stage_record_16,4096,1,batches,2,8192,3.7812,2.16651e+06
long-4,stage_record_16,4096,1,batches,3,8192,3.7694,2.17329e+06
long-4,stage_record_16,4096,1,batches,4,8192,4.1238,1.98652e+06
long-4,stage_record_16,4096,1,batches,5,8192,3.7872,2.16308e+06
long-4,stage_record_16,4096,1,batches,6,8192,4.0149,2.0404e+06
long-4,stage_record_16,4096,2,batches,0,16384,7.9335,2.06517e+06
long-4,stage_record_16,4096,2,batches,1,16384,8.3016,1.9736e+06
long-4,stage_record_16,4096,2,batches,2,16384,8.1218,2.01729e+06
long-4,stage_record_16,4096,2,batches,3,16384,8.1158,2.01878e+06
long-4,stage_record_16,4096,2,batches,4,16384,7.6975,2.12848e+06
long-4,stage_record_16,4096,2,batches,5,16384,8.1897,2.00056e+06
long-4,stage_record_16,4096,2,batches,6,16384,8.1531,2.00954e+06
long-4,stage_record_16,4096,4,batches,0,32768,16.2451,2.0171e+06
long-4,stage_record_16,4096,4,batches,1,32768,16.551,1.97982e+06
long-4,stage_record_16,4096,4,batches,2,32768,16.6225,1.9713e+06
long-4,stage_record_16,4096,4,batches,3,32768,16.8732,1.94201e+06
long-4,stage_record_16,4096,4,batches,4,32768,16.3823,2.00021e+06
long-4,stage_record_16,4096,4,batches,5,32768,16.2221,2.01996e+06
long-4,stage_record_16,4096,4,batches,6,32768,16.4671,1.98991e+06
long-4,stage_record_16,4096,8,batches,0,65536,36.3711,1.80187e+06
long-4,stage_record_16,4096,8,batches,1,65536,33.941,1.93088e+06
long-4,stage_record_16,4096,8,batches,2,65536,34.907,1.87745e+06
long-4,stage_record_16,4096,8,batches,3,65536,34.1125,1.92117e+06
long-4,stage_record_16,4096,8,batches,4,65536,34.1583,1.9186e+06
long-4,stage_record_16,4096,8,batches,5,65536,34.4773,1.90084e+06
long-4,stage_record_16,4096,8,batches,6,65536,33.9463,1.93058e+06
long-5,stage_only,64,1,baseline,0,32768,12.7882,2.56236e+06
long-5,stage_only,64,1,baseline,1,32768,12.2907,2.66608e+06
long-5,stage_only,64,1,baseline,2,32768,12.9749,2.52549e+06
long-5,stage_only,64,1,baseline,3,32768,13.6186,2.40612e+06
long-5,stage_only,64,1,baseline,4,32768,13.9088,2.35592e+06
long-5,stage_only,64,1,baseline,5,32768,13.7967,2.37506e+06
long-5,stage_only,64,1,baseline,6,32768,13.5818,2.41264e+06
long-5,stage_only,64,2,baseline,0,65536,28.9128,2.26668e+06
long-5,stage_only,64,2,baseline,1,65536,24.4537,2.68e+06
long-5,stage_only,64,2,baseline,2,65536,26.8719,2.43883e+06
long-5,stage_only,64,2,baseline,3,65536,27.6781,2.36779e+06
long-5,stage_only,64,2,baseline,4,65536,24.0037,2.73025e+06
long-5,stage_only,64,2,baseline,5,65536,25.8173,2.53845e+06
long-5,stage_only,64,2,baseline,6,65536,27.0486,2.4229e+06
long-5,stage_only,64,4,baseline,0,131072,46.8262,2.79912e+06
long-5,stage_only,64,4,baseline,1,131072,50.4305,2.59906e+06
long-5,stage_only,64,4,baseline,2,131072,54.496,2.40517e+06
long-5,stage_only,64,4,baseline,3,131072,49.4004,2.65326e+06
long-5,stage_only,64,4,baseline,4,131072,48.6163,2.69605e+06
long-5,stage_only,64,4,baseline,5,131072,48.7583,2.6882e+06
long-5,stage_only,64,4,baseline,6,131072,59.7675,2.19303e+06
long-5,stage_only,64,8,baseline,0,262144,99.3161,2.63949e+06
long-5,stage_only,64,8,baseline,1,262144,104.038,2.51969e+06
long-5,stage_only,64,8,baseline,2,262144,100.456,2.60954e+06
long-5,stage_only,64,8,baseline,3,262144,102.917,2.54714e+06
long-5,stage_only,64,8,baseline,4,262144,105.11,2.494e+06
long-5,stage_only,64,8,baseline,5,262144,102.572,2.55569e+06
long-5,stage_only,64,8,baseline,6,262144,103.383,2.53566e+06
long-5,stage_only,4096,1,baseline,0,8192,2.8199,2.90507e+06
long-5,stage_only,4096,1,baseline,1,8192,2.912,2.81319e+06
long-5,stage_only,4096,1,baseline,2,8192,2.9482,2.77864e+06
long-5,stage_only,4096,1,baseline,3,8192,2.881,2.84346e+06
long-5,stage_only,4096,1,baseline,4,8192,2.8951,2.82961e+06
long-5,stage_only,4096,1,baseline,5,8192,2.9623,2.76542e+06
long-5,stage_only,4096,1,baseline,6,8192,2.7418,2.98782e+06
long-5,stage_only,4096,2,baseline,0,16384,6.4198,2.5521e+06
long-5,stage_only,4096,2,baseline,1,16384,5.7906,2.82941e+06
long-5,stage_only,4096,2,baseline,2,16384,6.5942,2.48461e+06
long-5,stage_only,4096,2,baseline,3,16384,6.6771,2.45376e+06
long-5,stage_only,4096,2,baseline,4,16384,6.6225,2.47399e+06
long-5,stage_only,4096,2,baseline,5,16384,6.8546,2.39022e+06
long-5,stage_only,4096,2,baseline,6,16384,6.4406,2.54386e+06
long-5,stage_only,4096,4,baseline,0,32768,13.3711,2.45066e+06
long-5,stage_only,4096,4,baseline,1,32768,13.5546,2.41748e+06
long-5,stage_only,4096,4,baseline,2,32768,13.5551,2.41739e+06
long-5,stage_only,4096,4,baseline,3,32768,13.5199,2.42369e+06
long-5,stage_only,4096,4,baseline,4,32768,13.4368,2.43868e+06
long-5,stage_only,4096,4,baseline,5,32768,13.5909,2.41103e+06
long-5,stage_only,4096,4,baseline,6,32768,13.5401,2.42007e+06
long-5,stage_only,4096,8,baseline,0,65536,27.0368,2.42396e+06
long-5,stage_only,4096,8,baseline,1,65536,26.479,2.47502e+06
long-5,stage_only,4096,8,baseline,2,65536,26.797,2.44565e+06
long-5,stage_only,4096,8,baseline,3,65536,27.7063,2.36538e+06
long-5,stage_only,4096,8,baseline,4,65536,27.1699,2.41208e+06
long-5,stage_only,4096,8,baseline,5,65536,26.4413,2.47855e+06
long-5,stage_only,4096,8,baseline,6,65536,26.7174,2.45293e+06
long-5,stage_record_16,64,1,baseline,0,32768,13.7388,2.38507e+06
long-5,stage_record_16,64,1,baseline,1,32768,13.0576,2.5095e+06
long-5,stage_record_16,64,1,baseline,2,32768,14.0051,2.33972e+06
long-5,stage_record_16,64,1,baseline,3,32768,14.7787,2.21725e+06
long-5,stage_record_16,64,1,baseline,4,32768,13.5463,2.41896e+06
long-5,stage_record_16,64,1,baseline,5,32768,13.481,2.43068e+06
long-5,stage_record_16,64,1,baseline,6,32768,13.1031,2.50078e+06
long-5,stage_record_16,64,2,baseline,0,65536,28.759,2.2788e+06
long-5,stage_record_16,64,2,baseline,1,65536,29.2015,2.24427e+06
long-5,stage_record_16,64,2,baseline,2,65536,30.8212,2.12633e+06
long-5,stage_record_16,64,2,baseline,3,65536,29.3254,2.23479e+06
long-5,stage_record_16,64,2,baseline,4,65536,28.7999,2.27556e+06
long-5,stage_record_16,64,2,baseline,5,65536,29.833,2.19676e+06
long-5,stage_record_16,64,2,baseline,6,65536,29.581,2.21548e+06
long-5,stage_record_16,64,4,baseline,0,131072,59.9792,2.18529e+06
long-5,stage_record_16,64,4,baseline,1,131072,58.9163,2.22472e+06
long-5,stage_record_16,64,4,baseline,2,131072,62.3074,2.10363e+06
long-5,stage_record_16,64,4,baseline,3,131072,61.6374,2.1265e+06
long-5,stage_record_16,64,4,baseline,4,131072,59.2986,2.21037e+06
long-5,stage_record_16,64,4,baseline,5,131072,68.3774,1.91689e+06
long-5,stage_record_16,64,4,baseline,6,131072,74.4887,1.75962e+06
long-5,stage_record_16,64,8,baseline,0,262144,150.176,1.74558e+06
long-5,stage_record_16,64,8,baseline,1,262144,167.857,1.56171e+06
long-5,stage_record_16,64,8,baseline,2,262144,151.848,1.72636e+06
long-5,stage_record_16,64,8,baseline,3,262144,157.189,1.6677e+06
long-5,stage_record_16,64,8,baseline,4,262144,159.83,1.64015e+06
long-5,stage_record_16,64,8,baseline,5,262144,156.946,1.67028e+06
long-5,stage_record_16,64,8,baseline,6,262144,154.604,1.69558e+06
long-5,stage_record_16,4096,1,baseline,0,8192,5.858,1.39843e+06
long-5,stage_record_16,4096,1,baseline,1,8192,6.2141,1.31829e+06
long-5,stage_record_16,4096,1,baseline,2,8192,10.6061,772386
long-5,stage_record_16,4096,1,baseline,3,8192,8.7784,933200
long-5,stage_record_16,4096,1,baseline,4,8192,4.3266,1.8934e+06
long-5,stage_record_16,4096,1,baseline,5,8192,4.0107,2.04254e+06
long-5,stage_record_16,4096,1,baseline,6,8192,4.0798,2.00794e+06
long-5,stage_record_16,4096,2,baseline,0,16384,9.0595,1.80849e+06
long-5,stage_record_16,4096,2,baseline,1,16384,9.4474,1.73423e+06
long-5,stage_record_16,4096,2,baseline,2,16384,9.1291,1.7947e+06
long-5,stage_record_16,4096,2,baseline,3,16384,13.3012,1.23177e+06
long-5,stage_record_16,4096,2,baseline,4,16384,9.123,1.7959e+06
long-5,stage_record_16,4096,2,baseline,5,16384,9.5875,1.70889e+06
long-5,stage_record_16,4096,2,baseline,6,16384,11.1685,1.46698e+06
long-5,stage_record_16,4096,4,baseline,0,32768,19.2327,1.70376e+06
long-5,stage_record_16,4096,4,baseline,1,32768,18.8088,1.74216e+06
long-5,stage_record_16,4096,4,baseline,2,32768,18.7621,1.7465e+06
long-5,stage_record_16,4096,4,baseline,3,32768,19.1614,1.7101e+06
long-5,stage_record_16,4096,4,baseline,4,32768,19.7848,1.65622e+06
long-5,stage_record_16,4096,4,baseline,5,32768,20.3985,1.60639e+06
long-5,stage_record_16,4096,4,baseline,6,32768,19.6169,1.6704e+06
long-5,stage_record_16,4096,8,baseline,0,65536,39.1724,1.67301e+06
long-5,stage_record_16,4096,8,baseline,1,65536,45.2543,1.44817e+06
long-5,stage_record_16,4096,8,baseline,2,65536,40.9613,1.59995e+06
long-5,stage_record_16,4096,8,baseline,3,65536,40.5809,1.61495e+06
long-5,stage_record_16,4096,8,baseline,4,65536,41.2209,1.58987e+06
long-5,stage_record_16,4096,8,baseline,5,65536,42.0989,1.55672e+06
long-5,stage_record_16,4096,8,baseline,6,65536,40.8389,1.60474e+06
long-6,stage_only,64,1,baseline,0,32768,10.0347,3.26547e+06
long-6,stage_only,64,1,baseline,1,32768,10.2143,3.20805e+06
long-6,stage_only,64,1,baseline,2,32768,10.1456,3.22977e+06
long-6,stage_only,64,1,baseline,3,32768,10.6253,3.08396e+06
long-6,stage_only,64,1,baseline,4,32768,11.1706,2.93341e+06
long-6,stage_only,64,1,baseline,5,32768,9.7007,3.3779e+06
long-6,stage_only,64,1,baseline,6,32768,9.896,3.31124e+06
long-6,stage_only,64,2,baseline,0,65536,21.8467,2.99981e+06
long-6,stage_only,64,2,baseline,1,65536,21.935,2.98774e+06
long-6,stage_only,64,2,baseline,2,65536,21.9782,2.98186e+06
long-6,stage_only,64,2,baseline,3,65536,23.2986,2.81287e+06
long-6,stage_only,64,2,baseline,4,65536,20.9048,3.13497e+06
long-6,stage_only,64,2,baseline,5,65536,22.7861,2.87614e+06
long-6,stage_only,64,2,baseline,6,65536,23.1962,2.82529e+06
long-6,stage_only,64,4,baseline,0,131072,48.8279,2.68437e+06
long-6,stage_only,64,4,baseline,1,131072,48.4828,2.70347e+06
long-6,stage_only,64,4,baseline,2,131072,49.4307,2.65163e+06
long-6,stage_only,64,4,baseline,3,131072,48.8057,2.68559e+06
long-6,stage_only,64,4,baseline,4,131072,49.5523,2.64512e+06
long-6,stage_only,64,4,baseline,5,131072,49.5108,2.64734e+06
long-6,stage_only,64,4,baseline,6,131072,48.8882,2.68106e+06
long-6,stage_only,64,8,baseline,0,262144,95.1982,2.75367e+06
long-6,stage_only,64,8,baseline,1,262144,95.6285,2.74127e+06
long-6,stage_only,64,8,baseline,2,262144,94.6618,2.76927e+06
long-6,stage_only,64,8,baseline,3,262144,94.5142,2.77359e+06
long-6,stage_only,64,8,baseline,4,262144,93.7232,2.797e+06
long-6,stage_only,64,8,baseline,5,262144,95.8615,2.73461e+06
long-6,stage_only,64,8,baseline,6,262144,95.5916,2.74233e+06
long-6,stage_only,4096,1,baseline,0,8192,2.8365,2.88807e+06
long-6,stage_only,4096,1,baseline,1,8192,2.8025,2.9231e+06
long-6,stage_only,4096,1,baseline,2,8192,2.8814,2.84306e+06
long-6,stage_only,4096,1,baseline,3,8192,2.9718,2.75658e+06
long-6,stage_only,4096,1,baseline,4,8192,2.9394,2.78696e+06
long-6,stage_only,4096,1,baseline,5,8192,2.8709,2.85346e+06
long-6,stage_only,4096,1,baseline,6,8192,2.8736,2.85078e+06
long-6,stage_only,4096,2,baseline,0,16384,5.9108,2.77188e+06
long-6,stage_only,4096,2,baseline,1,16384,6.2059,2.64007e+06
long-6,stage_only,4096,2,baseline,2,16384,6.3304,2.58815e+06
long-6,stage_only,4096,2,baseline,3,16384,6.1554,2.66173e+06
long-6,stage_only,4096,2,baseline,4,16384,6.3381,2.585e+06
long-6,stage_only,4096,2,baseline,5,16384,6.7041,2.44388e+06
long-6,stage_only,4096,2,baseline,6,16384,6.3047,2.5987e+06
long-6,stage_only,4096,4,baseline,0,32768,13.4402,2.43806e+06
long-6,stage_only,4096,4,baseline,1,32768,13.1387,2.49401e+06
long-6,stage_only,4096,4,baseline,2,32768,12.5917,2.60235e+06
long-6,stage_only,4096,4,baseline,3,32768,12.7997,2.56006e+06
long-6,stage_only,4096,4,baseline,4,32768,13.4571,2.435e+06
long-6,stage_only,4096,4,baseline,5,32768,12.8368,2.55266e+06
long-6,stage_only,4096,4,baseline,6,32768,12.5624,2.60842e+06
long-6,stage_only,4096,8,baseline,0,65536,26.4227,2.48029e+06
long-6,stage_only,4096,8,baseline,1,65536,26.8008,2.4453e+06
long-6,stage_only,4096,8,baseline,2,65536,26.3789,2.48441e+06
long-6,stage_only,4096,8,baseline,3,65536,26.5064,2.47246e+06
long-6,stage_only,4096,8,baseline,4,65536,26.4341,2.47922e+06
long-6,stage_only,4096,8,baseline,5,65536,26.6751,2.45682e+06
long-6,stage_only,4096,8,baseline,6,65536,26.7158,2.45308e+06
long-6,stage_record_16,64,1,baseline,0,32768,12.3906,2.64459e+06
long-6,stage_record_16,64,1,baseline,1,32768,12.3653,2.65e+06
long-6,stage_record_16,64,1,baseline,2,32768,12.4424,2.63358e+06
long-6,stage_record_16,64,1,baseline,3,32768,12.5158,2.61813e+06
long-6,stage_record_16,64,1,baseline,4,32768,12.9284,2.53458e+06
long-6,stage_record_16,64,1,baseline,5,32768,13.7289,2.38679e+06
long-6,stage_record_16,64,1,baseline,6,32768,12.6853,2.58315e+06
long-6,stage_record_16,64,2,baseline,0,65536,35.3807,1.85231e+06
long-6,stage_record_16,64,2,baseline,1,65536,36.0008,1.8204e+06
long-6,stage_record_16,64,2,baseline,2,65536,35.1144,1.86636e+06
long-6,stage_record_16,64,2,baseline,3,65536,35.8388,1.82863e+06
long-6,stage_record_16,64,2,baseline,4,65536,34.0941,1.92221e+06
long-6,stage_record_16,64,2,baseline,5,65536,34.1009,1.92183e+06
long-6,stage_record_16,64,2,baseline,6,65536,34.4259,1.90368e+06
long-6,stage_record_16,64,4,baseline,0,131072,76.6534,1.70993e+06
long-6,stage_record_16,64,4,baseline,1,131072,106.974,1.22527e+06
long-6,stage_record_16,64,4,baseline,2,131072,74.504,1.75926e+06
long-6,stage_record_16,64,4,baseline,3,131072,70.6617,1.85492e+06
long-6,stage_record_16,64,4,baseline,4,131072,83.7658,1.56474e+06
long-6,stage_record_16,64,4,baseline,5,131072,74.5475,1.75823e+06
long-6,stage_record_16,64,4,baseline,6,131072,80.0511,1.63735e+06
long-6,stage_record_16,64,8,baseline,0,262144,154.193,1.70011e+06
long-6,stage_record_16,64,8,baseline,1,262144,152.091,1.7236e+06
long-6,stage_record_16,64,8,baseline,2,262144,151.121,1.73466e+06
long-6,stage_record_16,64,8,baseline,3,262144,150.726,1.73921e+06
long-6,stage_record_16,64,8,baseline,4,262144,152.575,1.71813e+06
long-6,stage_record_16,64,8,baseline,5,262144,156.376,1.67637e+06
long-6,stage_record_16,64,8,baseline,6,262144,155.483,1.686e+06
long-6,stage_record_16,4096,1,baseline,0,8192,4.3968,1.86317e+06
long-6,stage_record_16,4096,1,baseline,1,8192,4.3392,1.88791e+06
long-6,stage_record_16,4096,1,baseline,2,8192,5.3747,1.52418e+06
long-6,stage_record_16,4096,1,baseline,3,8192,5.1958,1.57666e+06
long-6,stage_record_16,4096,1,baseline,4,8192,7.3539,1.11397e+06
long-6,stage_record_16,4096,1,baseline,5,8192,4.1724,1.96338e+06
long-6,stage_record_16,4096,1,baseline,6,8192,3.9745,2.06114e+06
long-6,stage_record_16,4096,2,baseline,0,16384,8.8942,1.8421e+06
long-6,stage_record_16,4096,2,baseline,1,16384,9.1707,1.78656e+06
long-6,stage_record_16,4096,2,baseline,2,16384,9.0875,1.80292e+06
long-6,stage_record_16,4096,2,baseline,3,16384,8.6878,1.88586e+06
long-6,stage_record_16,4096,2,baseline,4,16384,9.1771,1.78531e+06
long-6,stage_record_16,4096,2,baseline,5,16384,8.9452,1.8316e+06
long-6,stage_record_16,4096,2,baseline,6,16384,8.8464,1.85205e+06
long-6,stage_record_16,4096,4,baseline,0,32768,19.4254,1.68686e+06
long-6,stage_record_16,4096,4,baseline,1,32768,18.7909,1.74382e+06
long-6,stage_record_16,4096,4,baseline,2,32768,18.2948,1.79111e+06
long-6,stage_record_16,4096,4,baseline,3,32768,18.173,1.80311e+06
long-6,stage_record_16,4096,4,baseline,4,32768,18.86,1.73743e+06
long-6,stage_record_16,4096,4,baseline,5,32768,18.7425,1.74833e+06
long-6,stage_record_16,4096,4,baseline,6,32768,19.2171,1.70515e+06
long-6,stage_record_16,4096,8,baseline,0,65536,38.849,1.68694e+06
long-6,stage_record_16,4096,8,baseline,1,65536,38.3437,1.70917e+06
long-6,stage_record_16,4096,8,baseline,2,65536,39.4036,1.6632e+06
long-6,stage_record_16,4096,8,baseline,3,65536,39.4391,1.6617e+06
long-6,stage_record_16,4096,8,baseline,4,65536,38.7218,1.69248e+06
long-6,stage_record_16,4096,8,baseline,5,65536,38.7605,1.69079e+06
long-6,stage_record_16,4096,8,baseline,6,65536,39.7887,1.6471e+06
long-7,stage_only,64,1,batches,0,32768,9.9173,3.30413e+06
long-7,stage_only,64,1,batches,1,32768,9.7924,3.34627e+06
long-7,stage_only,64,1,batches,2,32768,9.715,3.37293e+06
long-7,stage_only,64,1,batches,3,32768,9.8183,3.33744e+06
long-7,stage_only,64,1,batches,4,32768,9.7661,3.35528e+06
long-7,stage_only,64,1,batches,5,32768,9.7491,3.36113e+06
long-7,stage_only,64,1,batches,6,32768,10.2975,3.18213e+06
long-7,stage_only,64,2,batches,0,65536,23.7043,2.76473e+06
long-7,stage_only,64,2,batches,1,65536,22.9402,2.85682e+06
long-7,stage_only,64,2,batches,2,65536,23.2964,2.81314e+06
long-7,stage_only,64,2,batches,3,65536,21.4403,3.05667e+06
long-7,stage_only,64,2,batches,4,65536,22.564,2.90445e+06
long-7,stage_only,64,2,batches,5,65536,21.7449,3.01386e+06
long-7,stage_only,64,2,batches,6,65536,21.9805,2.98155e+06
long-7,stage_only,64,4,batches,0,131072,48.3765,2.70941e+06
long-7,stage_only,64,4,batches,1,131072,49.1573,2.66638e+06
long-7,stage_only,64,4,batches,2,131072,49.7531,2.63445e+06
long-7,stage_only,64,4,batches,3,131072,48.7893,2.68649e+06
long-7,stage_only,64,4,batches,4,131072,47.6977,2.74797e+06
long-7,stage_only,64,4,batches,5,131072,48.8161,2.68502e+06
long-7,stage_only,64,4,batches,6,131072,48.5002,2.7025e+06
long-7,stage_only,64,8,batches,0,262144,102.134,2.56667e+06
long-7,stage_only,64,8,batches,1,262144,103.458,2.53383e+06
long-7,stage_only,64,8,batches,2,262144,118.57,2.21089e+06
long-7,stage_only,64,8,batches,3,262144,108.675,2.41218e+06
long-7,stage_only,64,8,batches,4,262144,101.931,2.57177e+06
long-7,stage_only,64,8,batches,5,262144,118.974,2.20337e+06
long-7,stage_only,64,8,batches,6,262144,110.346,2.37565e+06
long-7,stage_only,4096,1,batches,0,8192,2.9575,2.76991e+06
long-7,stage_only,4096,1,batches,1,8192,3.0562,2.68045e+06
long-7,stage_only,4096,1,batches,2,8192,2.9873,2.74228e+06
long-7,stage_only,4096,1,batches,3,8192,3.0357,2.69855e+06
long-7,stage_only,4096,1,batches,4,8192,3.0441,2.69111e+06
long-7,stage_only,4096,1,batches,5,8192,2.8643,2.86004e+06
long-7,stage_only,4096,1,batches,6,8192,3.1404,2.60858e+06
long-7,stage_only,4096,2,batches,0,16384,8.7603,1.87026e+06
long-7,stage_only,4096,2,batches,1,16384,7.7703,2.10854e+06
long-7,stage_only,4096,2,batches,2,16384,15.518,1.05581e+06
long-7,stage_only,4096,2,batches,3,16384,7.2142,2.27108e+06
long-7,stage_only,4096,2,batches,4,16384,9.3311,1.75585e+06
long-7,stage_only,4096,2,batches,5,16384,6.104,2.68414e+06
long-7,stage_only,4096,2,batches,6,16384,6.6585,2.46061e+06
long-7,stage_only,4096,4,batches,0,32768,13.9099,2.35573e+06
long-7,stage_only,4096,4,batches,1,32768,14.6362,2.23883e+06
long-7,stage_only,4096,4,batches,2,32768,15.2167,2.15342e+06
long-7,stage_only,4096,4,batches,3,32768,13.9328,2.35186e+06
long-7,stage_only,4096,4,batches,4,32768,17.0204,1.92522e+06
long-7,stage_only,4096,4,batches,5,32768,14.4044,2.27486e+06
long-7,stage_only,4096,4,batches,6,32768,14.5608,2.25043e+06
long-7,stage_only,4096,8,batches,0,65536,29.3596,2.23218e+06
long-7,stage_only,4096,8,batches,1,65536,27.6175,2.37299e+06
long-7,stage_only,4096,8,batches,2,65536,27.5154,2.38179e+06
long-7,stage_only,4096,8,batches,3,65536,28.0621,2.33539e+06
long-7,stage_only,4096,8,batches,4,65536,27.9765,2.34254e+06
long-7,stage_only,4096,8,batches,5,65536,28.9414,2.26444e+06
long-7,stage_only,4096,8,batches,6,65536,30.0977,2.17744e+06
long-7,stage_record_16,64,1,batches,0,32768,38.4166,852965
long-7,stage_record_16,64,1,batches,1,32768,30.6991,1.06739e+06
long-7,stage_record_16,64,1,batches,2,32768,59.0432,554983
long-7,stage_record_16,64,1,batches,3,32768,79.3086,413171
long-7,stage_record_16,64,1,batches,4,32768,23.6441,1.38588e+06
long-7,stage_record_16,64,1,batches,5,32768,21.4663,1.52649e+06
long-7,stage_record_16,64,1,batches,6,32768,72.3904,452657
long-7,stage_record_16,64,2,batches,0,65536,30.9422,2.11801e+06
long-7,stage_record_16,64,2,batches,1,65536,34.6311,1.8924e+06
long-7,stage_record_16,64,2,batches,2,65536,48.7757,1.34362e+06
long-7,stage_record_16,64,2,batches,3,65536,34.7301,1.88701e+06
long-7,stage_record_16,64,2,batches,4,65536,37.2659,1.75861e+06
long-7,stage_record_16,64,2,batches,5,65536,38.3346,1.70958e+06
long-7,stage_record_16,64,2,batches,6,65536,36.4559,1.79768e+06
long-7,stage_record_16,64,4,batches,0,131072,72.6406,1.80439e+06
long-7,stage_record_16,64,4,batches,1,131072,66.2534,1.97834e+06
long-7,stage_record_16,64,4,batches,2,131072,66.1307,1.98201e+06
long-7,stage_record_16,64,4,batches,3,131072,63.5782,2.06159e+06
long-7,stage_record_16,64,4,batches,4,131072,62.355,2.10203e+06
long-7,stage_record_16,64,4,batches,5,131072,62.8247,2.08631e+06
long-7,stage_record_16,64,4,batches,6,131072,62.6058,2.09361e+06
long-7,stage_record_16,64,8,batches,0,262144,128.236,2.04423e+06
long-7,stage_record_16,64,8,batches,1,262144,132.34,1.98084e+06
long-7,stage_record_16,64,8,batches,2,262144,126.78,2.06771e+06
long-7,stage_record_16,64,8,batches,3,262144,124.835,2.09993e+06
long-7,stage_record_16,64,8,batches,4,262144,128.097,2.04646e+06
long-7,stage_record_16,64,8,batches,5,262144,124.032,2.11352e+06
long-7,stage_record_16,64,8,batches,6,262144,124.119,2.11203e+06
long-7,stage_record_16,4096,1,batches,0,8192,3.7069,2.20993e+06
long-7,stage_record_16,4096,1,batches,1,8192,3.9943,2.05092e+06
long-7,stage_record_16,4096,1,batches,2,8192,3.457,2.36968e+06
long-7,stage_record_16,4096,1,batches,3,8192,4.1424,1.9776e+06
long-7,stage_record_16,4096,1,batches,4,8192,4.2194,1.94151e+06
long-7,stage_record_16,4096,1,batches,5,8192,4.1235,1.98666e+06
long-7,stage_record_16,4096,1,batches,6,8192,4.1172,1.9897e+06
long-7,stage_record_16,4096,2,batches,0,16384,7.454,2.19801e+06
long-7,stage_record_16,4096,2,batches,1,16384,7.1824,2.28113e+06
long-7,stage_record_16,4096,2,batches,2,16384,7.3784,2.22054e+06
long-7,stage_record_16,4096,2,batches,3,16384,7.0229,2.33294e+06
long-7,stage_record_16,4096,2,batches,4,16384,7.1201,2.30109e+06
long-7,stage_record_16,4096,2,batches,5,16384,7.4817,2.18988e+06
long-7,stage_record_16,4096,2,batches,6,16384,7.5304,2.17571e+06
long-7,stage_record_16,4096,4,batches,0,32768,15.3861,2.12971e+06
long-7,stage_record_16,4096,4,batches,1,32768,15.6565,2.09293e+06
long-7,stage_record_16,4096,4,batches,2,32768,15.6528,2.09343e+06
long-7,stage_record_16,4096,4,batches,3,32768,15.1299,2.16578e+06
long-7,stage_record_16,4096,4,batches,4,32768,15.6388,2.0953e+06
long-7,stage_record_16,4096,4,batches,5,32768,15.5824,2.10289e+06
long-7,stage_record_16,4096,4,batches,6,32768,15.3706,2.13186e+06
long-7,stage_record_16,4096,8,batches,0,65536,33.0966,1.98014e+06
long-7,stage_record_16,4096,8,batches,1,65536,32.3426,2.02631e+06
long-7,stage_record_16,4096,8,batches,2,65536,32.932,1.99004e+06
long-7,stage_record_16,4096,8,batches,3,65536,33.4517,1.95912e+06
long-7,stage_record_16,4096,8,batches,4,65536,32.7773,1.99943e+06
long-7,stage_record_16,4096,8,batches,5,65536,33.2345,1.97193e+06
long-7,stage_record_16,4096,8,batches,6,65536,33.6456,1.94783e+06
